video_name,fvd_score
#122_Cleaning_Up_The_Beach_In_Chiba__Japan_pick_f_nm_np1_le_bad_2,45.815976460204
#122_Cleaning_Up_The_Beach_In_Chiba__Japan_pick_f_nm_np1_ri_bad_0,44.36367817679165
100_pullups_pullup_f_nm_np1_fr_med_1,81.34621984069292
100_pullups_pullup_f_nm_np1_fr_med_2,82.47221946604995
100_push_ups_by_a_GIRL!!!_pushup_f_nm_np1_fr_goo_1,109.43264691220914
100_push_ups_by_a_GIRL!!!_pushup_f_nm_np1_fr_goo_2,99.3001559793044
100_push_ups_pushup_f_nm_np1_ri_med_0,103.89771894289622
100_push_ups_pushup_f_nm_np1_ri_med_1,117.42594224636113
100_push_ups_pushup_f_nm_np1_ri_med_2,76.80920841101783
100_Second_Handstand_handstand_f_nm_np1_ba_bad_0,54.92898117782046
103_years_old_japanese_woman__Nao_is_clapping_with_piano_music_by_beethoven_clap_u_nm_np1_fr_med_0,116.0709164788534
10YearOldYouthBasketballStarBaller_dribble_f_nm_np1_ba_med_17,31.32817132490873
10YearOldYouthBasketballStarBaller_shoot_ball_f_nm_np1_ba_med_11,62.97533225811403
10YearOldYouthBasketballStarBaller_shoot_ball_f_nm_np1_ba_med_12,80.16673146384777
10YearOldYouthBasketballStarBaller_shoot_ball_f_nm_np1_ri_med_15,87.82046364813141
10_Pull_Ups_pullup_f_nm_np1_fr_goo_0,114.79781755161319
10_Pull_Ups_pullup_f_nm_np1_fr_goo_1,102.14527427568575
10_Pull_Ups_pullup_f_nm_np1_fr_goo_2,99.63747161846172
19th_Century_Cavalry_Sabre_Draw_draw_sword_u_nm_np1_fr_bad_0,41.555472539262404
19th_Century_Cavalry_Sabre_Draw_draw_sword_u_nm_np1_fr_bad_1,25.040356888807814
20060723sfjffjewcy_walk_f_nm_np1_fr_med_0,105.50679299861044
20060723sfjffjewcy_walk_f_nm_np1_fr_med_1,77.13493055461214
20060723sfjffsomelikeitwarmed_sit_u_nm_np1_fr_goo_1,31.179471330647978
20_good_form_pullups_pullup_f_nm_np1_ri_goo_0,105.44816172266098
20_good_form_pullups_pullup_f_nm_np1_ri_goo_1,100.79542988447339
20_good_form_pullups_pullup_f_nm_np1_ri_goo_2,114.63506467418553
35_pull_ups_pullup_f_nm_np1_fr_goo_0,12.869078179880857
35_pull_ups_pullup_f_nm_np1_fr_goo_1,10.478916740981665
35_pull_ups_pullup_f_nm_np1_fr_goo_2,11.557867239363507
3PointJumpShotPractice-09_21_07_shoot_ball_f_nm_np1_ri_med_0,71.42041745683976
3PointJumpShotPractice-09_21_07_shoot_ball_f_nm_np1_ri_med_1,117.4190034535632
3PointJumpShotPractice-09_21_07_shoot_ball_f_nm_np1_ri_med_3,120.55881354112643
3PointJumpShotPractice-09_21_07_shoot_ball_f_nm_np1_ri_med_4,135.29054066512143
3PointJumpShotPractice-09_21_07_shoot_ball_f_nm_np1_ri_med_5,131.65260237259298
3PointJumpShotPractice-09_21_07_shoot_ball_f_nm_np1_ri_med_6,97.7272281854761
50_FIRST_DATES_run_f_nm_np1_ba_med_20,93.85291943699606
50_FIRST_DATES_sit_f_nm_np1_le_med_4,164.7616147183959
50_FIRST_DATES_stand_u_nm_np1_fr_med_8,51.44186211588306
50_pull_ups_made_in_germany_pullup_f_nm_np1_le_med_0,45.953082206434814
50_pull_ups_made_in_germany_pullup_f_nm_np1_le_med_1,44.63547426850037
5_Min_Tone_Abs_Workout_2__Fitness_Training_w__Tammy_situp_f_nm_np1_fr_goo_2,121.29079227757816
5_Min_Tone_Abs_Workout_2__Fitness_Training_w__Tammy_situp_f_nm_np1_fr_goo_3,110.50005913558711
5_Min_Tone_Abs_Workout_2__Fitness_Training_w__Tammy_situp_f_nm_np1_fr_goo_4,98.99499087747654
5_Min_Tone_Abs_Workout_2__Fitness_Training_w__Tammy_situp_f_nm_np1_le_goo_1,64.0101452669777
5_Min_Tone_Abs_Workout_2__Fitness_Training_w__Tammy_situp_f_nm_np1_le_goo_5,53.603152391389294
6arrowswithin30seconds_shoot_bow_f_nm_np1_fr_med_0,177.26410671590148
6arrowswithin30seconds_shoot_bow_f_nm_np1_fr_med_1,151.62560497688233
6arrowswithin30seconds_shoot_bow_f_nm_np1_fr_med_2,135.88007683969707
6arrowswithin30seconds_shoot_bow_f_nm_np1_fr_med_3,169.09924644897737
6arrowswithin30seconds_shoot_bow_f_nm_np1_fr_med_4,156.05343030016067
Abs__Situps__Crunches_situp_u_nm_np3_ri_goo_4,39.834256664871575
Abs__Situps__Crunches_situp_u_nm_np3_ri_goo_5,21.08836120511821
Abs__Situps__Crunches_situp_u_nm_np3_ri_goo_6,74.77858359473127
AdamandAlvonplayingbasketball1_shoot_ball_f_nm_np1_ba_med_11,51.28985606409544
AdamandAlvonplayingbasketball2_throw_f_nm_np1_fr_med_1,91.82260029130062
After_work_smoke_in_the_garage_smoke_h_nm_np1_fr_bad_0,16.409896655189556
AgriculturalAviation_walk_f_nm_np1_le_med_0,169.6205803816316
AgriculturalAviation_walk_f_nm_np1_le_med_1,234.83121728478156
Alban_Hayoz_solo_climb_(klettern)_climb_f_nm_np1_ba_med_1,104.06492876704971
ALeapToFreedom_ride_horse_f_nm_np1_ba_med_1,85.51090577037442
ALeapToFreedom_ride_horse_f_nm_np1_ri_med_0,110.78668686427505
Alex_applauding_himself_clap_u_nm_np1_fr_med_0,62.34203083572976
amazingballthrowingtricks_throw_f_nm_np1_ri_med_0,147.27390394431336
americanthrift2_pick_u_nm_np1_ri_med_2,123.25602004377097
Anna_Rawson_Driver_Practice_golf_f_nm_np1_ri_bad_0,57.680543013284364
Anna_Rawson_Lesson_side_by_side_golf_f_nm_np2_ba_goo_0,93.94494268799889
ArcheryFastShooting_shoot_bow_u_nm_np1_fr_med_0,223.17964083807
ArcheryFastShooting_shoot_bow_u_nm_np1_fr_med_1,194.91452641414807
ArcheryFastShooting_shoot_bow_u_nm_np1_fr_med_10,165.7591616636587
ArcheryFastShooting_shoot_bow_u_nm_np1_fr_med_11,160.57861848811598
ArcheryFastShooting_shoot_bow_u_nm_np1_fr_med_12,116.81477826687568
ArcheryFastShooting_shoot_bow_u_nm_np1_fr_med_14,163.96840359101648
ArcheryFastShooting_shoot_bow_u_nm_np1_fr_med_16,241.71039398788207
ArcheryFastShooting_shoot_bow_u_nm_np1_fr_med_18,168.7343196861715
ArcheryFastShooting_shoot_bow_u_nm_np1_fr_med_19,138.83989875541639
ArcheryFastShooting_shoot_bow_u_nm_np1_fr_med_2,214.78011692651455
ArcheryFastShooting_shoot_bow_u_nm_np1_fr_med_20,202.08182072108977
ArcheryFastShooting_shoot_bow_u_nm_np1_fr_med_21,151.6905779625626
ArcheryFastShooting_shoot_bow_u_nm_np1_fr_med_22,120.15231579964592
ArcheryFastShooting_shoot_bow_u_nm_np1_fr_med_23,130.68196865890218
ArcheryFastShooting_shoot_bow_u_nm_np1_fr_med_3,192.3148469632713
ArcheryFastShooting_shoot_bow_u_nm_np1_fr_med_4,188.62951738036256
ArcheryFastShooting_shoot_bow_u_nm_np1_fr_med_5,197.13140273221777
ArcheryFastShooting_shoot_bow_u_nm_np1_fr_med_8,193.7368322856918
ArcheryFastShooting_shoot_bow_u_nm_np1_fr_med_9,197.36702222113263
BaseballPitchingtarget_BaseballPitchingCage_throw_u_nm_np1_ba_med_0,123.4004075760831
BaseballSwingAnalysis_swing_baseball_f_nm_np1_fr_med_11,89.08827582734504
BaseballSwingAnalysis_swing_baseball_f_nm_np1_fr_med_12,93.21576165323582
BaseballSwingAnalysis_swing_baseball_f_nm_np1_fr_med_8,92.35936834773457
BaseballSwingAnalysis_swing_baseball_f_nm_np1_fr_med_9,94.00072294900477
BaseballSwingAnalysis_swing_baseball_u_nm_np1_ba_med_0,112.47196846780881
BaseballSwingAnalysis_swing_baseball_u_nm_np1_ba_med_2,117.5480094558305
BaseballSwingAnalysis_swing_baseball_u_nm_np1_fr_med_10,108.0739872517967
BaseballSwingAnalysis_swing_baseball_u_nm_np1_fr_med_13,130.7117881352048
Best_Kisses_in_TV_Movies_1_3_kiss_h_nm_np2_le_goo_0,21.322854438552735
Best_Kisses_in_TV_Movies_1_3_kiss_h_nm_np2_le_goo_7,14.943790121074748
best_laugh_attack_ever!_laugh_h_nm_np1_fr_goo_1,64.67295834756092
Best_Of_Skype_Laughter_Chain_laugh_h_nm_np1_fr_bad_4,130.423534421304
Best_Of_Skype_Laughter_Chain_laugh_h_nm_np1_fr_bad_5,174.1240474249745
Best_Of_Skype_Laughter_Chain_laugh_h_nm_np1_fr_bad_9,151.54964854980636
Best_Of_Skype_Laughter_Chain_laugh_h_nm_np1_fr_goo_14,159.65124691553984
Best_Of_Skype_Laughter_Chain_laugh_h_nm_np1_fr_goo_15,173.03042915429646
Best_Of_Skype_Laughter_Chain_laugh_h_nm_np1_fr_goo_8,341.8176745076891
Best_Of_Skype_Laughter_Chain_laugh_h_nm_np1_fr_med_11,219.507120168872
Best_Of_Skype_Laughter_Chain_laugh_h_nm_np1_fr_med_18,116.91090950683771
Best_Of_Skype_Laughter_Chain_laugh_h_nm_np1_fr_med_23,244.5267894114831
Best_Of_Skype_Laughter_Chain_laugh_h_nm_np1_fr_med_27,295.83714969213815
Best_Of_Skype_Laughter_Chain_laugh_h_nm_np2_le_med_21,107.55683460232639
Best_Of_Skype_Laughter_Chain_laugh_h_nm_np2_le_med_22,102.40758844131132
Best_Of_Skype_Laughter_Chain_laugh_h_nm_np3_fr_goo_6,133.75561916349895
Best_Of_Skype_Laughter_Chain_laugh_h_nm_np3_fr_med_24,206.45560277274421
Best_Of_Skype_Laughter_Chain_laugh_h_nm_np4_fr_bad_28,241.2738240717043
Best_Of_Skype_Laughter_Chain_laugh_h_nm_np4_fr_med_25,238.48439329006925
Big_League_Chew_chew_h_nm_np1_fr_goo_0,78.67091449742944
Big_League_Chew_chew_h_nm_np1_fr_goo_1,61.59879903600512
blondeandbubbles_chew_h_nm_np1_fr_goo_0,47.520518738969706
blondeandbubbles_chew_h_nm_np1_fr_goo_1,25.86510043318446
Blonde_being_brushed_brush_hair_f_nm_np2_ri_med_0,39.42309287959325
boom-snap-clap_clap_u_nm_np1_fr_med_0,100.83778794861038
boom-snap-clap_clap_u_nm_np1_fr_med_2,33.89273903089875
boom-snap-clap_clap_u_nm_np1_fr_med_3,38.28075315193118
boom_snap_clap_(challenge)_clap_u_nm_np1_fr_med_0,125.29563912175853
boom_snap_clap_(challenge)_HARDCORE_VERSION!_clap_u_nm_np1_fr_bad_0,27.606133154415616
boom_snap_clap_(challenge)_HARDCORE_VERSION!_clap_u_nm_np1_fr_bad_1,37.367083043774755
Boom_Snap_Clap_clap_u_nm_np1_fr_med_1,49.05015350764384
Boom__Snap__Clap!_(Challenge)_clap_u_nm_np1_fr_med_0,32.23387759279669
Boom__Snap__Clap!_(Challenge)_clap_u_nm_np1_fr_med_1,32.825025198499915
brushing_hair_brush_hair_f_nm_np2_ba_goo_2,40.69440592021182
brushing_hair_brush_hair_f_nm_np2_ri_goo_3,46.41791714583374
Brushing_Hair_with_Beth_brush_hair_u_nm_np1_fr_goo_1,159.06098458340182
Brushing_my_Long_Hair__February_2009_brush_hair_u_nm_np1_ba_goo_1,40.177273490227044
Brushing_my_Long_Hair__February_2009_brush_hair_u_nm_np1_fr_goo_0,88.09296310095864
brush_my_hair_without_wearing_the_glasses_brush_hair_u_nm_np1_fr_goo_1,89.92858185741147
Bubble_blowing_3!_chew_h_nm_np1_le_bad_0,132.74493310321083
Bubble_blowing_3!_chew_h_nm_np1_le_bad_1,114.88571659962953
Bubble_blowing_3!_chew_h_nm_np1_le_bad_2,67.65020999062554
Bubble_Blowing_Bubble_Gum_chew_h_nm_np1_fr_bad_1,90.66260378210495
Bubble_Blowing_Bubble_Gum_chew_h_nm_np1_fr_bad_2,86.95411283328855
Bubble_Gum_Club_2_chew_h_nm_np2_fr_med_1,37.84527642842439
Cachaca_cocktails_pour_u_nm_np1_fr_med_0,146.2264686709373
Cachaca_cocktails_pour_u_nm_np1_fr_med_1,192.58794928051975
Cachaca_cocktails_pour_u_nm_np1_fr_med_2,182.12445855973172
Chanta!____THAT_IS_long_blonde_hair!_brush_hair_u_nm_np1_ri_goo_3,48.70615009672984
ChelseaLately-Chelsea_ride_horse_u_nm_np1_ba_med_1,89.54725022174422
Chest_workout-_hip_pushups_pushup_u_nm_np1_fr_med_3,129.6854295098446
Chest_workout-_hip_pushups_pushup_u_nm_np1_fr_med_4,182.10689698690504
Chest_workout-_hip_pushups_pushup_u_nm_np1_ri_med_2,96.70130082342234
chewing_gum_1_chew_h_nm_np1_fr_goo_0,77.5518010699032
chewing_gum_1_chew_h_nm_np1_fr_goo_1,65.27985306703765
chewing_gum_1_chew_h_nm_np1_fr_goo_2,94.13653781325617
Chris_Comfort_s_Push_Up_Workout_Part_I_pushup_f_nm_np1_ri_goo_0,49.47524193517073
Chris_Comfort_s_Push_Up_Workout_Part_I_pushup_f_nm_np1_ri_goo_1,56.05391250297572
Chris_Comfort_s_Push_Up_Workout_Part_I_pushup_f_nm_np1_ri_goo_2,51.7399717572927
Clay_sBasketballSkillz_dribble_f_nm_np1_fr_med_18,134.66440073898082
Clay_sBasketballSkillz_dribble_f_nm_np1_le_med_1,118.67540962603465
Clay_sBasketballSkillz_pick_f_nm_np1_ri_med_8,113.58338829959919
Clay_sBasketballSkillz_shoot_ball_f_nm_np1_ba_med_13,209.9616614664817
Clay_sBasketballSkillz_shoot_ball_f_nm_np1_ba_med_3,106.23110056300328
Clay_sBasketballSkillz_shoot_ball_f_nm_np1_ba_med_4,127.86176756698694
Clay_sBasketballSkillz_shoot_ball_f_nm_np1_ba_med_5,160.26804465265394
Clay_sBasketballSkillz_shoot_ball_f_nm_np1_ba_med_6,104.52320086721696
Clay_sBasketballSkillz_shoot_ball_f_nm_np1_ba_med_7,181.62437114038445
Clay_sBasketballSkillz_shoot_ball_u_nm_np1_ba_med_12,154.4410092836752
Clay_sBasketballSkillz_shoot_ball_u_nm_np1_ba_med_17,175.6520759827293
Clay_sBasketballSkillz_shoot_ball_u_nm_np1_ba_med_9,133.45333985336558
Cocktail_Pouring_pour_u_nm_np2_ri_med_0,187.52161260233143
Compilationknifethrowing_throw_u_nm_np1_ba_med_1,110.09102423015169
Compilationknifethrowing_throw_u_nm_np1_ba_med_10,170.2543311354152
Compilationknifethrowing_throw_u_nm_np1_ba_med_12,294.2198772575199
Compilationknifethrowing_throw_u_nm_np1_ba_med_13,260.93496630550936
Compilationknifethrowing_throw_u_nm_np1_ba_med_14,202.11858013486255
Compilationknifethrowing_throw_u_nm_np1_ba_med_16,147.8578458586681
Compilationknifethrowing_throw_u_nm_np1_ba_med_18,199.85295362169492
Compilationknifethrowing_throw_u_nm_np1_ba_med_19,191.87869681845828
Compilationknifethrowing_throw_u_nm_np1_ba_med_2,79.30489014756654
Compilationknifethrowing_throw_u_nm_np1_ba_med_3,98.67993805611705
Compilationknifethrowing_throw_u_nm_np1_ba_med_4,152.79577329978773
Compilationknifethrowing_throw_u_nm_np1_ba_med_6,180.17680354719016
Compilationknifethrowing_throw_u_nm_np1_ba_med_7,175.73692878267738
CSU_Cesar_Chavez_Day_Celebration_and_Award_Ceremony_2009_Part_7_shake_hands_f_nm_np2_le_med_1,146.0423096586116
CSU_Cesar_Chavez_Day_Celebration_and_Award_Ceremony_2009_Part_7_shake_hands_f_nm_np2_le_med_2,140.6072198365284
Cuba_Libre_-_Just_do_it_with_Drinkadrink_com_pour_u_nm_np1_fr_goo_0,268.6070710986182
DBK_Custom_Swords_-__Swordless__ScabbardBelt_draw_sword_u_nm_np1_fr_med_0,35.93635482076941
DBK_Custom_Swords_-__Swordless__ScabbardBelt_draw_sword_u_nm_np1_fr_med_1,39.77797905351727
DBK_Custom_Swords_-__Swordless__ScabbardBelt_draw_sword_u_nm_np1_fr_med_2,44.50935974316839
DC_Personal_Trainer_-_How_To_Do_A_Push-up_The_RIGHT_Way_pushup_f_nm_np1_ri_goo_0,42.04695941143462
DefensivePistolShootingTechniques_shoot_gun_f_nm_np1_fr_med_0,31.50419118959907
DefensivePistolShootingTechniques_shoot_gun_f_nm_np1_fr_med_3,56.42644153955244
DefensivePistolShootingTechniques_shoot_gun_f_nm_np1_ri_med_5,75.97815501877932
DefensivePistolShootingTechniques_shoot_gun_u_nm_np1_fr_med_2,48.26893217963631
Dollar_Prank_at_the_Rivertown_Mall_pick_f_nm_np1_fr_med_1,123.39849873867175
Dollar_Prank_at_the_Rivertown_Mall_pick_f_nm_np1_fr_med_3,122.62682313905464
Double_bubble_in_one_big_bubble_-D_chew_h_nm_np1_fr_goo_1,54.364884534958556
Drawing_and_Resheathing_the_Japanese_Sword_draw_sword_u_nm_np1_le_med_0,81.93046602724763
Drawing_and_Resheathing_the_Japanese_Sword_draw_sword_u_nm_np1_le_med_1,110.77376271820845
Drawing_and_Resheathing_the_Japanese_Sword_draw_sword_u_nm_np1_le_med_2,77.78882725966639
Drawing_Katana_from_Back_draw_sword_u_nm_np1_fr_med_0,46.938915699776615
Drink_#18_-_Apple_martini_pour_u_nm_np1_fr_goo_0,184.15784854722355
Drink_#18_-_Apple_martini_pour_u_nm_np1_fr_goo_2,144.8028853923163
Evian_Masters_Junior_Cup_Highlights_2009_golf_f_nm_np1_ba_goo_0,156.67058271627042
Evian_Masters_Junior_Cup_Highlights_2009_golf_f_nm_np1_ba_goo_2,130.1909847767722
Evian_Masters_Junior_Cup_Highlights_2009_golf_f_nm_np1_le_goo_4,80.60055546151895
Evian_Masters_Junior_Cup_Highlights_2009_golf_f_nm_np1_ri_goo_3,90.27290779093295
Fastestguninthewest_shoot_gun_f_nm_np1_ri_med_0,151.1078393671267
FestivalofColors_stand_f_nm_np1_fr_med_0,49.943851752466216
FirearmsTraining_shoot_gun_f_nm_np2_le_med_10,26.00263894294489
FirearmsTraining_shoot_gun_u_nm_np1_ri_med_11,14.63013167050569
FirearmsTraining_shoot_gun_u_nm_np1_ri_med_3,35.152465027173605
FirearmsTraining_shoot_gun_u_nm_np1_ri_med_4,56.518553055178586
Fun_Chewing_Gum!_chew_h_nm_np1_fr_med_0,98.5909536988936
Fun_Chewing_Gum!_chew_h_nm_np1_fr_med_1,62.72964557290284
Fun_Chewing_Gum!_chew_h_nm_np1_fr_med_2,57.23595306543495
Fun_Chewing_Gum!_chew_h_nm_np2_fr_med_3,76.83330336655287
GardenWiseB256kb_pick_f_nm_np1_le_med_0,34.361295451040874
Get_six_pack_abs_in_6_minutes_on_your_couch__This_Works!_situp_f_nm_np1_ba_med_1,46.128008343072125
Get_six_pack_abs_in_6_minutes_on_your_couch__This_Works!_situp_f_nm_np1_ba_med_2,45.848093949793785
girl_smoking_a_cigarette_smoke_h_nm_np1_fr_med_0,27.897962824567575
girl_smoking_a_cigarette_smoke_h_nm_np1_fr_med_1,28.898657051048236
girl_smoking_a_cigarette_smoke_h_nm_np1_fr_med_2,24.927058048713285
golf_golf_f_nm_np1_ri_goo_0,120.35485564154256
golf_golf_f_nm_np1_ri_goo_1,84.09312147313864
golf_golf_f_nm_np1_ri_goo_2,213.42473971665154
Golf_Tips_-_Hit_The_Driver_300+_Yards!!!_golf_f_nm_np1_fr_med_0,58.89570800417115
Gum_Chewing_Girl_chew_h_nm_np1_fr_med_0,85.6400456898471
Gum_Chewing_Girl_chew_h_nm_np1_fr_med_1,84.9445835765481
Gum_Chewing_Girl_chew_h_nm_np1_fr_med_2,103.82994940468058
Gymnastic_handstand_handstand_f_nm_np1_le_med_2,59.37418063648308
Gymnastic_handstand_handstand_f_nm_np1_ri_med_0,87.4198899960671
handstand_tutorial___how_to_do_a_handstand_basic_breakdance_handstand_f_nm_np1_ri_med_0,185.4838206823251
handstand_tutorial___how_to_do_a_handstand_basic_breakdance_handstand_f_nm_np1_ri_med_1,123.77742005591348
handstand_tutorial___how_to_do_a_handstand_basic_breakdance_handstand_f_nm_np1_ri_med_2,383.2660214343725
Hand_Stand_Push_Ups_handstand_f_nm_np1_ba_med_0,36.18300484416639
Highball_Cocktail_Drink_Recipe_pour_u_nm_np1_fr_med_0,146.64580843675006
Hittingadouble(BXbaseball)_swing_baseball_f_nm_np1_ba_bad_2,269.3642529626261
Hittingadouble(BXbaseball)_swing_baseball_f_nm_np1_ba_bad_3,169.24259224250923
hittingofftee2_swing_baseball_f_nm_np1_fr_med_0,196.0272215921252
hittingofftee2_swing_baseball_f_nm_np1_fr_med_10,128.56841713384097
hittingofftee2_swing_baseball_f_nm_np1_fr_med_11,120.39810594372209
hittingofftee2_swing_baseball_f_nm_np1_fr_med_2,143.18787105085943
hittingofftee2_swing_baseball_f_nm_np1_fr_med_3,167.97434319380037
hittingofftee2_swing_baseball_f_nm_np1_fr_med_4,131.66028224411716
hittingofftee2_swing_baseball_f_nm_np1_fr_med_5,119.68329401659788
hittingofftee2_swing_baseball_f_nm_np1_fr_med_6,163.0498080641225
hittingofftee2_swing_baseball_f_nm_np1_fr_med_7,125.55637901355234
HowtoswingaBaseballbat_swing_baseball_f_nm_np1_le_bad_1,136.28257351670908
How_to_Build_a_Cocktail_pour_u_nm_np1_fr_med_0,184.6769489451722
How_to_Build_a_Cocktail_pour_u_nm_np1_fr_med_1,165.9060469655099
How_to_do_a_Cartwheel_cartwheel_f_nm_np1_le_med_2,190.8737974066269
How_to_do_a_Cartwheel_cartwheel_f_nm_np1_ri_med_0,134.46269987957828
How_to_get_a_six_pack_in_3minutes_EXPLOSIVE_RESULTS_IN_YOUR_4_WEEKS_situp_f_nm_np1_ri_med_1,152.20656121269653
How_to_get_a_six_pack_in_3minutes_EXPLOSIVE_RESULTS_IN_YOUR_4_WEEKS_situp_f_nm_np1_ri_med_2,144.19519956855467
How_To_Pour_Ice_Tea_pour_u_nm_np1_fr_med_1,97.41409711952576
How_To_Pour_Ice_Tea_pour_u_nm_np1_fr_med_2,40.746610237938505
How_to_smoke_smoke_h_nm_np1_fr_goo_0,58.91559133112392
How_to_smoke_smoke_h_nm_np1_fr_goo_1,68.86463035560202
Iaido_13_katas_draw_sword_f_nm_np1_ba_med_2,15.750735576374238
Iaido_13_katas_draw_sword_f_nm_np1_fr_med_0,25.168360827658397
Iaido_13_katas_draw_sword_f_nm_np1_fr_med_7,18.929304285051977
Iaido_13_katas_draw_sword_f_nm_np1_fr_med_9,19.90887836181278
Iaido_13_katas_draw_sword_f_nm_np1_le_med_5,29.214287882828074
Iaido_13_katas_sword_exercise_f_nm_np1_ba_bad_11,16.636746712820013
Iaido_13_katas_sword_exercise_f_nm_np1_fr_bad_10,30.922693595752673
Iaido_13_katas_sword_exercise_f_nm_np1_fr_bad_13,44.9581181183318
Iaido_13_katas_sword_exercise_f_nm_np1_fr_bad_3,13.414545128289792
Iaido_13_katas_sword_exercise_f_nm_np1_fr_bad_4,15.483249032643972
Iaido_video_instruction_series_Wehrhahn_Sensei_draw_sword_f_nm_np1_le_med_5,39.102483271610545
Iaido_video_instruction_series_Wehrhahn_Sensei_sword_exercise_f_nm_np1_le_bad_1,39.59234631269897
Incline_Dumbell_Situps_45lbs_2ndxpr_25x_situp_f_nm_np1_ri_med_2,306.52449926536207
Intermidate_to_advanced_abs_situp_f_nm_np1_fr_med_0,104.66253331321884
Intermidate_to_advanced_abs_situp_f_nm_np1_fr_med_2,70.26391309989339
Jeff_Ritter_-_Power_Drill_golf_f_nm_np1_ri_med_0,48.37537308631376
Jeff_Ritter_-_The_Transition_golf_f_nm_np1_ri_med_0,41.1253161997551
Just_Say_NO_to_AQUA_DOTS!_climb_stairs_l_nm_np1_ba_med_0,30.81838268620932
Kamikaze_Martini_Coctail_pour_u_nm_np1_fr_med_0,88.48117624515753
Kamikaze_Martini_Coctail_pour_u_nm_np1_fr_med_1,129.81368084403462
kettlebell_training_for_pack_ABS_-_workout_situp_f_nm_np1_le_goo_0,48.444588704878015
kettlebell_training_for_pack_ABS_-_workout_situp_f_nm_np1_le_goo_1,39.7049639249703
Knifethrowing4knivestogethernospin_throw_u_nm_np1_ba_med_0,137.6766733315687
KnifeThrowing_throw_f_nm_np1_le_med_0,152.59524017114515
KnifeThrowing_throw_f_nm_np1_le_med_1,186.62927519144685
KnifeThrowing_throw_f_nm_np1_le_med_2,164.53375291463837
KnifeThrowing_throw_f_nm_np1_le_med_3,173.4829674747634
KnifeThrowing_throw_f_nm_np1_le_med_4,149.1609979988409
Laughing_Girl_smoke_u_nm_np1_ri_goo_0,78.11898266180624
LearnToShootFromTheMaster_shoot_ball_f_nm_np1_ba_med_0,38.38697654167039
LearnToShootFromTheMaster_shoot_ball_f_nm_np1_ba_med_1,22.436710543897973
LearnToShootFromTheMaster_shoot_ball_f_nm_np1_ba_med_2,57.47078613055659
LearnToShootFromTheMaster_shoot_ball_f_nm_np1_ba_med_3,31.536883488935874
LearnToShootFromTheMaster_shoot_ball_f_nm_np1_ba_med_4,57.987244717183046
Learn_How_to_do_a_Handstand_handstand_f_nm_np1_ri_med_1,63.54608441055689
Lektion_3__-_Das_Haare_b_rsten_brush_hair_h_nm_np1_fr_med_1,122.69025991146997
likebeckam_stand_f_nm_np1_fr_med_7,110.88135386895004
likebeckam_walk_f_nm_np1_ba_med_32,72.71638320919223
likebeckam_walk_f_nm_np1_fr_med_36,51.31091050206829
lol_im_so_weird___BLOWIN_BUBBLE_GUM__oops_i_burped_at_the_end_my_bad_lol_chew_h_nm_np1_fr_med_2,56.11477938406887
long_hair_Christa__brush_hair_u_nm_np1_le_goo_0,53.956329532202936
Long_Handstand_-_Two_Minutes_handstand_f_nm_np1_ri_med_0,31.95618517414781
Lori_Does_Desktop_Pushups_pushup_f_nm_np1_le_goo_1,103.12181685494133
Lori_Does_Desktop_Pushups_pushup_f_nm_np1_le_goo_2,126.1922539492011
Mark_Pfeltz_Sets_World_Record_For_sit_ups_situp_f_nm_np1_fr_bad_2,49.21465097166765
Mark_Pfeltz_Sets_World_Record_For_sit_ups_situp_f_nm_np1_fr_bad_3,53.82024501448835
Mark_Pfeltz_Sets_World_Record_For_sit_ups_situp_f_nm_np1_fr_bad_4,76.80444544800774
Mark_Pfeltz_Sets_World_Record_For_sit_ups_situp_f_nm_np1_ri_bad_1,78.33069437334576
Massive_Bubble_Gum_Bubble_chew_h_nm_np1_le_goo_1,21.82487064750383
MattBolden(hittinginslowmotion)_swing_baseball_f_nm_np1_fr_bad_0,129.59909057089652
MeShootin2_shoot_gun_u_nm_np1_ri_med_0,101.46610866971801
MeShootin2_shoot_gun_u_nm_np1_ri_med_1,77.73111838412616
MeShootin2_shoot_gun_u_nm_np1_ri_med_2,76.76399487667862
Me_chewing_hubba_bubba_bubble_gum_chew_h_nm_np1_fr_bad_0,137.3101328043418
Me_chewing_hubba_bubba_bubble_gum_chew_h_nm_np1_fr_bad_1,92.99471652442995
Me_chewing_hubba_bubba_bubble_gum_chew_h_nm_np1_fr_bad_2,88.57476828787983
Mr__Bubblegum_chew_h_nm_np1_fr_med_1,71.70083842377197
Mr__Bubblegum_chew_h_nm_np1_fr_med_2,41.97313073393131
My_First_Hefeweizen_pour_u_nm_np1_ri_med_1,139.16205420795865
My_Lil__Man_clapping_his_Hands_clap_u_nm_np1_fr_goo_0,61.55623452603915
My_Lil__Man_clapping_his_Hands_clap_u_nm_np1_fr_med_1,56.4361444098144
My_smileEh_smile_h_nm_np1_fr_goo_0,52.59556582835153
Narcotic1967256kb_climb_stairs_f_nm_np1_ba_med_0,49.077371627821805
Na_Yeon_Choi_practice_1_golf_f_nm_np1_ri_goo_0,42.89208718497639
Na_Yeon_Choi_practice_1_golf_f_nm_np1_ri_goo_1,70.69783727376485
Na_Yeon_Choi_practice_1_golf_f_nm_np1_ri_goo_2,39.95886861950338
New_Orleans__best_cocktails-_Hot_Buttered_Rum_pour_u_nm_np1_fr_med_0,110.81992061534876
New_Orleans__best_cocktails-_Hot_Buttered_Rum_pour_u_nm_np1_fr_med_1,79.07704995268352
New_Orleans__best_cocktails-_Hot_Buttered_Rum_pour_u_nm_np1_fr_med_2,102.86833845422989
NH-__Open_Carry_Litter_Pickup_in__troubled__neighborhood_pick_f_nm_np1_le_med_0,316.42258034680566
nice_smoking_girl_smoke_h_nm_np1_le_med_0,49.618425884751744
Ninja_(samurai_sword)_draw_sword_u_nm_np1_fr_med_0,33.33906067146664
Ninja_Warrior_Ultimate_Push_up_Training_pushup_f_nm_np1_le_goo_0,45.023045281274534
Ninja_Warrior_Ultimate_Push_up_Training_pushup_f_nm_np1_le_goo_1,37.93256504073541
Ninja_Warrior_Ultimate_Push_up_Training_pushup_f_nm_np1_le_goo_2,40.92142526534809
Ninja_Warrior_Ultimate_Six_Pack_Abs_Sit_up_Training_situp_f_nm_np1_ri_med_2,60.15431899889751
OldSchool_drink_h_nm_np1_fr_goo_4,30.381301782730617
OldSchool_drink_u_nm_np1_ri_goo_5,25.111014753623607
Panic_in_the_Streets_sit_f_nm_np1_le_med_7,58.725379755349095
Panic_in_the_Streets_stand_f_nm_np1_fr_med_8,20.411425391318275
Panic_in_the_Streets_walk_u_nm_np1_fr_bad_10,14.644059231989132
Panic_in_the_Streets_walk_u_nm_np1_fr_med_4,64.99267212136094
Personal_Training_Workout_Tips_situp_f_nm_np1_le_goo_0,136.8590190305137
Personal_Training_Workout_Tips_situp_f_nm_np1_le_goo_1,141.53777455615563
PlayingBasketballGotWater_dribble_f_nm_np1_ba_med_7,74.46952307522922
PlayingBasketballGotWater_shoot_ball_f_nm_np1_ba_med_0,101.82341526714671
PlayingBasketballGotWater_shoot_ball_f_nm_np1_ba_med_8,40.63751376940769
PlayingBasketballGotWater_shoot_ball_f_nm_np1_ri_med_2,108.96647172183793
PlayingBasketball_dribble_f_nm_np1_le_med_4,66.55758732866954
PlayingBasketball_shoot_ball_f_nm_np1_ba_med_7,47.82502850037108
PlayingBasketball_shoot_ball_f_nm_np1_ri_med_1,49.421102670007784
PlayingBasketball_shoot_ball_f_nm_np1_ri_med_2,50.296317073746
PlayingBasketball_shoot_ball_f_nm_np1_ri_med_5,51.84938105093107
Proper_Way_to_Do_Pull_Ups_pullup_f_nm_np1_ri_goo_0,187.0927967087102
Proper_Way_to_Do_Pull_Ups_pullup_u_nm_np1_ri_goo_3,221.8973635437285
Proper_Way_to_Do_Pull_Ups_pullup_u_nm_np1_ri_goo_4,253.60142205281076
pseudo_planche_pushups_pushup_u_nm_np1_ri_bad_0,83.98304008234884
pseudo_planche_pushups_pushup_u_nm_np1_ri_bad_2,69.74937844623625
pull_ups_pullup_u_nm_np1_ba_med_0,265.2240796038742
pull_ups_pullup_u_nm_np1_ba_med_2,206.59986016441056
pull_ups_pullup_u_nm_np1_fr_med_3,236.75251374760654
pull_ups_pullup_u_nm_np1_fr_med_4,197.29627022562843
pull_ups_pullup_u_nm_np1_fr_med_5,212.3056761983949
Push_Ups_1_pushup_f_nm_np1_le_med_0,97.24047627134642
Push_Ups_1_pushup_f_nm_np1_le_med_1,95.03904243536083
push_ups_pushup_f_nm_np1_ri_goo_0,50.85624457754601
push_ups_pushup_f_nm_np1_ri_goo_1,106.30328318138805
push_ups_pushup_f_nm_np1_ri_goo_2,96.56168888390243
Push_Up_Battle_pushup_u_nm_np2_le_bad_0,68.87429598070653
Push_Up_Workout_--_Do_100_Total_Pushups_In_A_Row_pushup_f_nm_np1_le_med_0,136.08394951129313
Push_Up_Workout_--_Do_100_Total_Pushups_In_A_Row_pushup_f_nm_np1_le_med_1,148.21351080459513
Push_Up_Workout_--_Do_100_Total_Pushups_In_A_Row_pushup_f_nm_np1_le_med_2,151.5171319677447
Raito_Kata_from_Shindo_Munen_Ryu_Instructional_Video_draw_sword_f_nm_np1_fr_med_0,75.34343815385971
Raito_Kata_from_Shindo_Munen_Ryu_Instructional_Video_draw_sword_f_nm_np1_fr_med_1,79.9269024443709
Raito_Kata_from_Shindo_Munen_Ryu_Instructional_Video_draw_sword_f_nm_np1_le_med_2,77.79905915159988
Raito_Kata_from_Shindo_Munen_Ryu_Instructional_Video_draw_sword_f_nm_np1_le_med_3,87.66463295126462
Random_Pull_Up_Exercises_pullup_f_nm_np1_ba_med_0,195.77695903799432
Random_Pull_Up_Exercises_pullup_f_nm_np1_ba_med_1,198.44727997495957
Random_Pull_Up_Exercises_pullup_f_nm_np1_fr_med_2,169.13563337083207
Random_Pull_Up_Exercises_pullup_f_nm_np1_fr_med_3,142.6604290015475
Rauchen_f_r_Anf_nger_smoke_h_nm_np1_fr_med_1,32.84734685300151
Rauchen_f_r_Anf_nger_smoke_h_nm_np1_fr_med_2,20.13683857527689
Re-_Show_your_Smile!_10_smile_h_nm_np1_fr_goo_0,63.22070469518066
Re-_Show_your_Smile!_1_smile_h_nm_np1_fr_goo_0,62.80037378411869
Re-_Show_your_Smile!_3_smile_h_nm_np1_fr_goo_0,91.4198098331686
Re-_Show_your_Smile!_4_smile_h_nm_np1_fr_med_0,94.20023478735604
Re-_Show_your_Smile!_8_smile_h_nm_np1_fr_goo_0,62.34161637715673
ReggieMillerTakesonThreeAverageGuysinaShootout_shoot_ball_u_nm_np1_ba_med_0,123.34890660199359
ReggieMillerTakesonThreeAverageGuysinaShootout_shoot_ball_u_nm_np1_ba_med_1,88.14516648016304
ReggieMillerTakesonThreeAverageGuysinaShootout_shoot_ball_u_nm_np1_ba_med_10,53.64679989383161
ReggieMillerTakesonThreeAverageGuysinaShootout_shoot_ball_u_nm_np1_ba_med_11,92.83334609467246
ReggieMillerTakesonThreeAverageGuysinaShootout_shoot_ball_u_nm_np1_ba_med_13,70.72478296240621
ReggieMillerTakesonThreeAverageGuysinaShootout_shoot_ball_u_nm_np1_ba_med_16,36.46635536026305
ReggieMillerTakesonThreeAverageGuysinaShootout_shoot_ball_u_nm_np1_ba_med_17,31.979896453162382
ReggieMillerTakesonThreeAverageGuysinaShootout_shoot_ball_u_nm_np1_ba_med_18,115.00567368586428
ReggieMillerTakesonThreeAverageGuysinaShootout_shoot_ball_u_nm_np1_ba_med_19,146.33369484131237
ReggieMillerTakesonThreeAverageGuysinaShootout_shoot_ball_u_nm_np1_ba_med_2,61.247724237163624
ReggieMillerTakesonThreeAverageGuysinaShootout_shoot_ball_u_nm_np1_ba_med_3,47.059218676054456
ReggieMillerTakesonThreeAverageGuysinaShootout_shoot_ball_u_nm_np1_ba_med_4,83.65954004900202
ReggieMillerTakesonThreeAverageGuysinaShootout_shoot_ball_u_nm_np1_ba_med_5,65.6824493892187
ReggieMillerTakesonThreeAverageGuysinaShootout_shoot_ball_u_nm_np1_ba_med_6,67.15310536490836
ReggieMillerTakesonThreeAverageGuysinaShootout_shoot_ball_u_nm_np1_ba_med_7,44.02099830494633
Rum_Mixed_Drinks-_Part_4_-_How_to_Make_the_Cuba_Libre_Mixed_Drink_pour_u_nm_np1_fr_goo_0,111.3889205615037
Rum_Mixed_Drinks-_Part_4_-_How_to_Make_the_Cuba_Libre_Mixed_Drink_pour_u_nm_np1_fr_goo_1,115.72905485548277
Rum_Mixed_Drinks-_Part_4_-_How_to_Make_the_Cuba_Libre_Mixed_Drink_pour_u_nm_np1_fr_goo_2,163.5740643825386
SafeInPort_climb_f_nm_np1_ba_med_0,42.21577638916369
SafeInPort_pick_f_nm_np1_fr_med_1,130.12106029893567
SAFE_NO-WALL_HANDSTAND_ESCAPE_PLAN_handstand_f_nm_np1_ri_med_1,54.28186234809026
SchoolRulesHowTheyHelpUs_stand_u_nm_np1_fr_med_1,88.6533653712268
SchoolRulesHowTheyHelpUs_throw_f_nm_np1_ba_med_3,85.63801290363006
SchoolRulesHowTheyHelpUs_turn_u_nm_np1_ri_med_4,102.76032818311809
Scott_Can_t_Make_His_Bubblegum_Pop_chew_h_nm_np1_fr_med_0,108.2982500369748
Scott_Can_t_Make_His_Bubblegum_Pop_chew_h_nm_np1_fr_med_1,155.22145648190605
Scott_Can_t_Make_His_Bubblegum_Pop_chew_h_nm_np1_fr_med_2,155.43512958545168
SE7EN_SMILES_x3_smile_h_nm_np1_fr_bad_7,47.455176916683996
SE7EN_SMILES_x3_smile_h_nm_np1_fr_med_2,239.26275189569654
SE7EN_SMILES_x3_smile_h_nm_np1_fr_med_4,151.2047464624768
SE7EN_SMILES_x3_smile_h_nm_np1_fr_med_6,121.22074590529195
Sexy_girl_on_the_bed_teasing_chew_u_nm_np1_fr_med_0,39.84449328201032
Sexy_girl_on_the_bed_teasing_chew_u_nm_np1_fr_med_1,37.87457597236798
Shadow_of_a_Doubt_drink_h_nm_np1_fr_goo_8,65.33843009933628
Shadow_of_a_Doubt_run_f_nm_np1_fr_med_16,110.57386538195604
Shootingarecurve_shoot_bow_u_nm_np1_fr_med_0,147.17305432531612
Shootingarecurve_shoot_bow_u_nm_np1_fr_med_1,128.3897934682276
Shootingarecurve_shoot_bow_u_nm_np1_fr_med_2,160.12947461785134
Shootingarecurve_shoot_bow_u_nm_np1_fr_med_3,99.7384132885089
Shootingarecurve_shoot_bow_u_nm_np1_fr_med_4,131.19102202204576
Shootingattherange_shoot_gun_f_nm_np1_ri_med_0,53.47820211911953
showyoursmile_smile_h_nm_np1_fr_goo_0,74.65597047774067
Show_Your_Smile_-)_1_smile_h_nm_np1_fr_goo_0,355.1988191872933
show_your_smile_-)_smile_h_nm_np1_fr_med_0,86.88216563234657
Sit_ups_and_crunch_situp_f_nm_np1_le_goo_0,34.902431880623304
Sit_ups_and_crunch_situp_f_nm_np1_le_goo_1,32.21258998932642
Sit_ups_and_crunch_situp_f_nm_np1_le_goo_2,36.40466326410669
Sit_ups_situp_f_nm_np1_ri_goo_0,286.64849169921115
Sit_ups_situp_f_nm_np1_ri_goo_2,131.03958697157364
Skype_Laughter_by_Hungary_laugh_h_nm_np2_fr_goo_0,58.016050303759805
Skype_Laughter_Chain_reaction_1_laugh_f_nm_np3_fr_med_1,65.24484542088786
SMILES_FROM_OFF_THE_ROAD_2_-TREASURING_THE_GIRLCHILD_smile_h_nm_np1_fr_goo_2,494.68899728641844
SMILES_FROM_OFF_THE_ROAD_2_-TREASURING_THE_GIRLCHILD_smile_h_nm_np1_fr_med_0,114.81720327167218
SMILES_FROM_OFF_THE_ROAD_3_-TRAVELS_WITH_A_HAT_smile_h_nm_np1_fr_bad_2,51.66635576610332
SMILES_FROM_OFF_THE_ROAD_3_-TRAVELS_WITH_A_HAT_smile_h_nm_np1_fr_goo_0,106.2697336589702
SMILES_FROM_OFF_THE_ROAD_3_-TRAVELS_WITH_A_HAT_smile_h_nm_np1_fr_goo_3,161.93884279211397
SMILES_FROM_OFF_THE_ROAD_3_-TRAVELS_WITH_A_HAT_smile_h_nm_np1_fr_med_4,35.140409168866256
SMILES_FROM_OFF_THE_ROAD_3_-TRAVELS_WITH_A_HAT_smile_h_nm_np1_fr_med_5,223.5100789468473
Smile_-]_smile_h_nm_np1_fr_goo_0,104.10899830140666
smile_collection_7_smile_h_nm_np1_fr_goo_1,211.95806428638576
smoking_smoking_-_tricks!_smoke_h_nm_np1_fr_goo_0,34.273605260738336
SocialSeminarBunny_drink_h_nm_np1_le_med_0,91.38675432917655
SoundAndTheStory_pick_u_nm_np1_le_med_3,72.08831242263338
SoundAndTheStory_turn_f_nm_np1_le_med_2,25.00330240883611
SoundAndTheStory_turn_u_nm_np1_ba_med_1,99.18707771537353
So_turnt_man_richtig!!!_handstand_f_nm_np1_fr_med_2,69.39535306673959
So_turnt_man_richtig!!!_handstand_f_nm_np1_fr_med_3,75.17094690321024
So_turnt_man_richtig!!!_handstand_f_nm_np1_fr_med_4,32.710179853126355
Spirit_Pouring_pour_u_nm_np1_fr_goo_1,99.84638610517341
Spirit_Pouring_pour_u_nm_np1_fr_goo_2,109.12959485333795
Takeda_Ryu_Iaido_draw_sword_f_nm_np1_fr_med_2,157.2068795487481
Takeda_Ryu_Iaido_draw_sword_f_nm_np1_fr_med_6,135.6064941621642
Takeda_Ryu_Iaido_draw_sword_f_nm_np1_ri_med_4,142.47409490027405
Takeda_Ryu_Iaido_sword_f_nm_np1_fr_med_7,145.5834200912592
Takeda_Ryu_Iaido_sword_f_nm_np1_le_med_5,106.4464777580329
Takeda_Ryu_Iaido_sword_f_nm_np2_le_med_0,258.7342314208671
TanyaShooting_shoot_gun_u_nm_np1_ri_med_3,102.42401769027285
TanyaShooting_shoot_gun_u_nm_np1_ri_med_4,137.73492088380212
Tenshin_Ryu_Aikido_draw_sword_f_nm_np1_ri_med_0,38.835426640555696
that70_sshowslowclap_clap_u_nm_np1_fr_med_0,28.662524022274106
The_Pomegranate_Martini_pour_u_nm_np1_fr_med_0,167.14408389351823
TiffanywithSpringfieldArmoryXD9_shoot_gun_u_nm_np1_ri_med_0,231.23247314012872
TiffanywithSpringfieldArmoryXD9_shoot_gun_u_nm_np1_ri_med_1,268.96709061790943
TiffanywithSpringfieldArmoryXD9_shoot_gun_u_nm_np1_ri_med_2,294.9708317542358
Tiger_Abs_-_Triple_Sit_Ups_situp_f_nm_np1_le_goo_0,41.30047083610571
Tiger_Abs_-_Triple_Sit_Ups_situp_f_nm_np1_le_goo_2,53.64068206330913
TVs_Best_Kisses_Top_50_(52_to_41)_kiss_h_nm_np2_le_goo_2,14.842717179181566
Ukigumo_Kata_from_Hasegawa_Eishin_Ryu_draw_sword_f_nm_np1_fr_med_2,28.33857652418035
Ukigumo_Kata_from_Hasegawa_Eishin_Ryu_draw_sword_f_nm_np1_le_med_1,42.75274887258726
Ukigumo_Kata_from_Hasegawa_Eishin_Ryu_draw_sword_f_nm_np1_le_med_3,50.82811741030762
Video_Bartending_Guide_-_Kamikaze_Shot_Recipe_-_Vodka_Shots_pour_u_nm_np1_fr_med_1,192.68578280498286
Wanda_Su_and_niece__T__blowing_bubbles_chew_u_nm_np2_fr_med_0,103.13919257058652
Wanda_Su_and_niece__T__blowing_bubbles_chew_u_nm_np2_fr_med_1,91.91502115883631
Wanda_Su_and_niece__T__blowing_bubbles_chew_u_nm_np2_fr_med_2,90.50059827652855
Wanda_Su_and_niece__T__blowing_bubbles_chew_u_nm_np2_le_med_3,126.83032774845836
Waschbrettbauch_I-__bung_von_fitness_com_situp_f_nm_np1_ba_goo_0,71.62746667583612
Waschbrettbauch_I-__bung_von_fitness_com_situp_f_nm_np1_ba_goo_1,55.60486384951369
wave_and_say_hi_wave_u_nm_np1_fr_med_0,41.064262022300426
Weird_Laugh_laugh_h_nm_np1_fr_goo_0,173.457114794833
Yoga_teachers_practice_handstand_and_backbend_variations_handstand_f_nm_np1_fr_med_3,42.772149502475806
Yoga_teachers_practice_handstand_and_backbend_variations_handstand_f_nm_np1_ri_med_1,19.41606397931842
Yoga_teachers_practice_handstand_and_backbend_variations_handstand_f_nm_np1_ri_med_4,27.60684593687253
YouTube_smiles!_smile_h_nm_np1_fr_bad_27,71.76219215967048
YouTube_smiles!_smile_h_nm_np1_fr_goo_1,130.71580948791816
YouTube_smiles!_smile_h_nm_np1_fr_goo_29,180.23175596644361
YouTube_smiles!_smile_h_nm_np1_fr_med_11,141.38727014468316
YouTube_smiles!_smile_h_nm_np1_fr_med_16,127.63845422919377
YouTube_smiles!_smile_h_nm_np1_fr_med_17,85.6032920709702
YouTube_smiles!_smile_h_nm_np1_fr_med_32,222.89989632964048
YouTube_smiles!_smile_h_nm_np1_fr_med_36,138.07567509455166
youtube_smile_response_smile_h_nm_np1_fr_goo_0,62.22508912849482
zigarette_rauchen_smoke_h_nm_np1_fr_med_2,68.2818535552465
_Boom_Snap_Clap__challenge_clap_u_nm_np1_fr_med_1,66.86962362476694
