video,original_score,inpainted_score
#122_Cleaning_Up_The_Beach_In_Chiba__Japan_pick_f_nm_np1_le_bad_2,0.995501214477294,0.8785244552295675
#122_Cleaning_Up_The_Beach_In_Chiba__Japan_pick_f_nm_np1_ri_bad_0,0.9921830070688294,0.8836460334573162
100_Second_Handstand_handstand_f_nm_np1_ba_bad_0,0.9845677043138548,0.9376290286605827
100_pullups_pullup_f_nm_np1_fr_med_1,0.98664924665392,0.925454608760424
100_pullups_pullup_f_nm_np1_fr_med_2,0.986260690014084,0.9288427908901088
100_push_ups_by_a_GIRL!!!_pushup_f_nm_np1_fr_goo_1,0.9871193272372458,0.9254739868082262
100_push_ups_by_a_GIRL!!!_pushup_f_nm_np1_fr_goo_2,0.9873162938038238,0.9284068939297206
100_push_ups_pushup_f_nm_np1_ri_med_0,0.9818545732936264,0.9418286705450779
100_push_ups_pushup_f_nm_np1_ri_med_1,0.9807878200688434,0.9343244834338197
100_push_ups_pushup_f_nm_np1_ri_med_2,0.9840687837507793,0.9386085771177971
103_years_old_japanese_woman__Nao_is_clapping_with_piano_music_by_beethoven_clap_u_nm_np1_fr_med_0,0.9725371687501675,0.9181280988784315
10YearOldYouthBasketballStarBaller_dribble_f_nm_np1_ba_med_17,0.9809009425787211,0.9339322504119324
10YearOldYouthBasketballStarBaller_shoot_ball_f_nm_np1_ba_med_11,0.9938594018287351,0.9406569756435743
10YearOldYouthBasketballStarBaller_shoot_ball_f_nm_np1_ba_med_12,0.993790386787582,0.9440510991952064
10YearOldYouthBasketballStarBaller_shoot_ball_f_nm_np1_ri_med_15,0.9930577574143462,0.9339404290421334
10_Pull_Ups_pullup_f_nm_np1_fr_goo_0,0.9935020747438393,0.9314769543224583
10_Pull_Ups_pullup_f_nm_np1_fr_goo_1,0.993366852148394,0.9291800587932573
10_Pull_Ups_pullup_f_nm_np1_fr_goo_2,0.9922488570210356,0.9281514897310742
19th_Century_Cavalry_Sabre_Draw_draw_sword_u_nm_np1_fr_bad_0,0.9832444559903799,0.9454830275774566
19th_Century_Cavalry_Sabre_Draw_draw_sword_u_nm_np1_fr_bad_1,0.9811911472984797,0.9362392303506292
20060723sfjffjewcy_walk_f_nm_np1_fr_med_0,0.9825973110105464,0.9179725639585766
20060723sfjffjewcy_walk_f_nm_np1_fr_med_1,0.9811989468567893,0.9261017246128742
20060723sfjffsomelikeitwarmed_sit_u_nm_np1_fr_goo_1,0.9790859212696075,0.9297300701735712
20_good_form_pullups_pullup_f_nm_np1_ri_goo_0,0.9951804658923569,0.9433975863964843
20_good_form_pullups_pullup_f_nm_np1_ri_goo_1,0.9951860414119799,0.9333729286683704
20_good_form_pullups_pullup_f_nm_np1_ri_goo_2,0.9940634905613693,0.9377709413997686
35_pull_ups_pullup_f_nm_np1_fr_goo_0,0.9937420257406736,0.9315494918994475
35_pull_ups_pullup_f_nm_np1_fr_goo_1,0.9948134885941393,0.9268191821684576
35_pull_ups_pullup_f_nm_np1_fr_goo_2,0.9933896968461436,0.9351563647614289
3PointJumpShotPractice-09_21_07_shoot_ball_f_nm_np1_ri_med_0,0.9961024707364449,0.9345227309429983
3PointJumpShotPractice-09_21_07_shoot_ball_f_nm_np1_ri_med_1,0.9967683454825457,0.9402975783622205
3PointJumpShotPractice-09_21_07_shoot_ball_f_nm_np1_ri_med_3,0.9968283974486899,0.9412666215673595
3PointJumpShotPractice-09_21_07_shoot_ball_f_nm_np1_ri_med_4,0.9963517025757239,0.9340751742240845
3PointJumpShotPractice-09_21_07_shoot_ball_f_nm_np1_ri_med_5,0.9964042063966384,0.9408577595101575
3PointJumpShotPractice-09_21_07_shoot_ball_f_nm_np1_ri_med_6,0.9973368518080296,0.9426692792173739
50_FIRST_DATES_run_f_nm_np1_ba_med_20,0.9771436613574269,0.9129101565514345
50_FIRST_DATES_sit_f_nm_np1_le_med_4,0.9870797470077207,0.9180503377294067
50_FIRST_DATES_stand_u_nm_np1_fr_med_8,0.9811455845558307,0.919105677671842
50_pull_ups_made_in_germany_pullup_f_nm_np1_le_med_0,0.992879416958769,0.9177890662819786
50_pull_ups_made_in_germany_pullup_f_nm_np1_le_med_1,0.9936446848165257,0.9192927974577265
5_Min_Tone_Abs_Workout_2__Fitness_Training_w__Tammy_situp_f_nm_np1_fr_goo_2,0.9880823974701165,0.9370258367386646
5_Min_Tone_Abs_Workout_2__Fitness_Training_w__Tammy_situp_f_nm_np1_fr_goo_3,0.9893919328776388,0.9389089380160528
5_Min_Tone_Abs_Workout_2__Fitness_Training_w__Tammy_situp_f_nm_np1_fr_goo_4,0.98785463439062,0.9347171733336294
5_Min_Tone_Abs_Workout_2__Fitness_Training_w__Tammy_situp_f_nm_np1_le_goo_1,0.9898583599585673,0.9493321867779275
5_Min_Tone_Abs_Workout_2__Fitness_Training_w__Tammy_situp_f_nm_np1_le_goo_5,0.9910215612599066,0.9467108136670326
6arrowswithin30seconds_shoot_bow_f_nm_np1_fr_med_0,0.9902231683164189,0.9267242828934119
6arrowswithin30seconds_shoot_bow_f_nm_np1_fr_med_1,0.9904302100844906,0.9250843936995221
6arrowswithin30seconds_shoot_bow_f_nm_np1_fr_med_2,0.9901747799924273,0.9235944406026851
6arrowswithin30seconds_shoot_bow_f_nm_np1_fr_med_3,0.9900162715579114,0.931369747961045
6arrowswithin30seconds_shoot_bow_f_nm_np1_fr_med_4,0.9891049763518326,0.9218789615568196
ALeapToFreedom_ride_horse_f_nm_np1_ba_med_1,0.9928514322419894,0.9141647627618381
ALeapToFreedom_ride_horse_f_nm_np1_ri_med_0,0.985460136257533,0.9162788995416151
Abs__Situps__Crunches_situp_u_nm_np3_ri_goo_4,0.9955579911730933,0.9401376611239192
Abs__Situps__Crunches_situp_u_nm_np3_ri_goo_5,0.9970911583625939,0.9361388213555996
Abs__Situps__Crunches_situp_u_nm_np3_ri_goo_6,0.9945524641634457,0.9416064986272501
AdamandAlvonplayingbasketball1_shoot_ball_f_nm_np1_ba_med_11,0.9804501926038813,0.9113647569316675
AdamandAlvonplayingbasketball2_throw_f_nm_np1_fr_med_1,0.9775194815755354,0.920477476586303
After_work_smoke_in_the_garage_smoke_h_nm_np1_fr_bad_0,0.9866535403505022,0.9345821802996124
AgriculturalAviation_walk_f_nm_np1_le_med_0,0.9705143958132059,0.9032594303678246
AgriculturalAviation_walk_f_nm_np1_le_med_1,0.9832937215678312,0.9060338441195517
Alban_Hayoz_solo_climb_(klettern)_climb_f_nm_np1_ba_med_1,0.9914612018755998,0.9089881710139542
Alex_applauding_himself_clap_u_nm_np1_fr_med_0,0.9807139542147806,0.9306083402100842
Anna_Rawson_Driver_Practice_golf_f_nm_np1_ri_bad_0,0.9887983053482322,0.942640446009571
Anna_Rawson_Lesson_side_by_side_golf_f_nm_np2_ba_goo_0,0.989948716954202,0.923544060898908
ArcheryFastShooting_shoot_bow_u_nm_np1_fr_med_0,0.9813733114164515,0.9104720656567707
ArcheryFastShooting_shoot_bow_u_nm_np1_fr_med_1,0.9791654363986484,0.9009339122508615
ArcheryFastShooting_shoot_bow_u_nm_np1_fr_med_10,0.9841218740218306,0.9164078439506438
ArcheryFastShooting_shoot_bow_u_nm_np1_fr_med_11,0.9786607185776587,0.91533478598159
ArcheryFastShooting_shoot_bow_u_nm_np1_fr_med_12,0.9816042800667817,0.9150667593607108
ArcheryFastShooting_shoot_bow_u_nm_np1_fr_med_14,0.9851338507563275,0.9098044930059813
ArcheryFastShooting_shoot_bow_u_nm_np1_fr_med_16,0.9865510386852439,0.9111472413403049
ArcheryFastShooting_shoot_bow_u_nm_np1_fr_med_18,0.9886648973491988,0.9097075711350563
ArcheryFastShooting_shoot_bow_u_nm_np1_fr_med_19,0.9888604824938916,0.9120924336477191
ArcheryFastShooting_shoot_bow_u_nm_np1_fr_med_2,0.9827132815805576,0.903381001152538
ArcheryFastShooting_shoot_bow_u_nm_np1_fr_med_20,0.9895684541635097,0.907736799678095
ArcheryFastShooting_shoot_bow_u_nm_np1_fr_med_21,0.9888232371317399,0.9154656511345404
ArcheryFastShooting_shoot_bow_u_nm_np1_fr_med_22,0.9901877032877495,0.9184348232510451
ArcheryFastShooting_shoot_bow_u_nm_np1_fr_med_23,0.9885659616946169,0.9108983195928617
ArcheryFastShooting_shoot_bow_u_nm_np1_fr_med_3,0.9832133386466381,0.909041948119509
ArcheryFastShooting_shoot_bow_u_nm_np1_fr_med_4,0.9832677801979537,0.9019662465887313
ArcheryFastShooting_shoot_bow_u_nm_np1_fr_med_5,0.981227721953903,0.9072864885112047
ArcheryFastShooting_shoot_bow_u_nm_np1_fr_med_8,0.9805534531018393,0.9114236332332175
ArcheryFastShooting_shoot_bow_u_nm_np1_fr_med_9,0.9844695406233762,0.9147298907376534
BaseballPitchingtarget_BaseballPitchingCage_throw_u_nm_np1_ba_med_0,0.9805545231389565,0.9238165082640618
BaseballSwingAnalysis_swing_baseball_f_nm_np1_fr_med_11,0.9921517370142576,0.9268035564864581
BaseballSwingAnalysis_swing_baseball_f_nm_np1_fr_med_12,0.9917896951147983,0.9210901454403232
BaseballSwingAnalysis_swing_baseball_f_nm_np1_fr_med_8,0.9911583179310783,0.9196342066833889
BaseballSwingAnalysis_swing_baseball_f_nm_np1_fr_med_9,0.9908421084708465,0.9175984225015933
BaseballSwingAnalysis_swing_baseball_u_nm_np1_ba_med_0,0.9859007260672366,0.9265997409101221
BaseballSwingAnalysis_swing_baseball_u_nm_np1_ba_med_2,0.9825273892595314,0.9206169605544927
BaseballSwingAnalysis_swing_baseball_u_nm_np1_fr_med_10,0.9819981484786012,0.9301790006290025
BaseballSwingAnalysis_swing_baseball_u_nm_np1_fr_med_13,0.9820548416925906,0.9288583180854653
Best_Kisses_in_TV_Movies_1_3_kiss_h_nm_np2_le_goo_0,0.984014430589734,0.9260497935933827
Best_Kisses_in_TV_Movies_1_3_kiss_h_nm_np2_le_goo_7,0.9836766249824644,0.935379222900182
Best_Of_Skype_Laughter_Chain_laugh_h_nm_np1_fr_bad_4,0.9941370689365433,0.9281018396758002
Best_Of_Skype_Laughter_Chain_laugh_h_nm_np1_fr_bad_5,0.9910080429204041,0.9235170328538295
Best_Of_Skype_Laughter_Chain_laugh_h_nm_np1_fr_bad_9,0.9868828647308947,0.909972653636243
Best_Of_Skype_Laughter_Chain_laugh_h_nm_np1_fr_goo_14,0.9856328051798559,0.9285617746981436
Best_Of_Skype_Laughter_Chain_laugh_h_nm_np1_fr_goo_15,0.9863945608375302,0.9281574295751113
Best_Of_Skype_Laughter_Chain_laugh_h_nm_np1_fr_goo_8,0.991216152796494,0.9069875603956719
Best_Of_Skype_Laughter_Chain_laugh_h_nm_np1_fr_med_11,0.9878710774202237,0.910302321842364
Best_Of_Skype_Laughter_Chain_laugh_h_nm_np1_fr_med_18,0.9919498071947762,0.9177348148358717
Best_Of_Skype_Laughter_Chain_laugh_h_nm_np1_fr_med_23,0.992037484984465,0.9174941341265919
Best_Of_Skype_Laughter_Chain_laugh_h_nm_np1_fr_med_27,0.9959533221184556,0.9513554051431686
Best_Of_Skype_Laughter_Chain_laugh_h_nm_np1_fr_med_3,0.9849250879530946,0.9246251731155606
Best_Of_Skype_Laughter_Chain_laugh_h_nm_np2_fr_med_19,0.9963608044535447,0.9490439318472245
Best_Of_Skype_Laughter_Chain_laugh_h_nm_np2_le_med_21,0.993267538503006,0.9292556322476985
Best_Of_Skype_Laughter_Chain_laugh_h_nm_np2_le_med_22,0.994006081471445,0.9301286334595052
Best_Of_Skype_Laughter_Chain_laugh_h_nm_np3_fr_goo_6,0.9909298304203944,0.9205638135973981
Best_Of_Skype_Laughter_Chain_laugh_h_nm_np3_fr_med_24,0.9912528166452794,0.9376760245905515
Best_Of_Skype_Laughter_Chain_laugh_h_nm_np4_fr_bad_28,0.987405009634006,0.9345198427457027
Best_Of_Skype_Laughter_Chain_laugh_h_nm_np4_fr_med_25,0.9881197714157066,0.9196591687815027
Big_League_Chew_chew_h_nm_np1_fr_goo_0,0.9836295193873547,0.9388645218766849
Big_League_Chew_chew_h_nm_np1_fr_goo_1,0.9873929689307646,0.9463273828037905
Blonde_being_brushed_brush_hair_f_nm_np2_ri_med_0,0.9842810825835143,0.9267356523198136
Boom_Snap_Clap_clap_u_nm_np1_fr_med_1,0.9745444261654311,0.8968834233427947
Boom__Snap__Clap!_(Challenge)_clap_u_nm_np1_fr_med_0,0.9850520993298981,0.9440609678573181
Boom__Snap__Clap!_(Challenge)_clap_u_nm_np1_fr_med_1,0.9839301683721349,0.9456393940029576
Brushing_Hair_with_Beth_brush_hair_u_nm_np1_fr_goo_1,0.9740652346160454,0.9194704984415726
Brushing_my_Long_Hair__February_2009_brush_hair_u_nm_np1_ba_goo_1,0.9841118477125325,0.9135366592184091
Brushing_my_Long_Hair__February_2009_brush_hair_u_nm_np1_fr_goo_0,0.9768071004850802,0.9132621897499786
Bubble_Blowing_Bubble_Gum_chew_h_nm_np1_fr_bad_1,0.9851522140517511,0.9332081629106019
Bubble_Blowing_Bubble_Gum_chew_h_nm_np1_fr_bad_2,0.987140343367414,0.9323979753585909
Bubble_Gum_Club_2_chew_h_nm_np2_fr_med_1,0.989920452125917,0.9480327701591156
Bubble_blowing_3!_chew_h_nm_np1_le_bad_0,0.9838421792830886,0.9365690465756368
Bubble_blowing_3!_chew_h_nm_np1_le_bad_1,0.9861643032493277,0.9331804050034749
Bubble_blowing_3!_chew_h_nm_np1_le_bad_2,0.9900756217653012,0.9375968813760714
CSU_Cesar_Chavez_Day_Celebration_and_Award_Ceremony_2009_Part_7_shake_hands_f_nm_np2_le_med_1,0.9929688998107651,0.916386036446082
CSU_Cesar_Chavez_Day_Celebration_and_Award_Ceremony_2009_Part_7_shake_hands_f_nm_np2_le_med_2,0.9918151286412419,0.9200002785734313
Cachaca_cocktails_pour_u_nm_np1_fr_med_0,0.9926603087683571,0.9392443779291232
Cachaca_cocktails_pour_u_nm_np1_fr_med_1,0.9907227861174847,0.9357181661754523
Cachaca_cocktails_pour_u_nm_np1_fr_med_2,0.9949514743155117,0.9363771385006384
Chanta!____THAT_IS_long_blonde_hair!_brush_hair_u_nm_np1_ri_goo_3,0.980551789343536,0.9219846683093954
ChelseaLately-Chelsea_ride_horse_u_nm_np1_ba_med_1,0.9787325163911861,0.9134567162632737
Chest_workout-_hip_pushups_pushup_u_nm_np1_fr_med_3,0.9825893135809534,0.8871153466938203
Chest_workout-_hip_pushups_pushup_u_nm_np1_fr_med_4,0.9835471078490283,0.8869703803729038
Chest_workout-_hip_pushups_pushup_u_nm_np1_ri_med_2,0.9913466383182271,0.8989303700895873
Chris_Comfort_s_Push_Up_Workout_Part_I_pushup_f_nm_np1_ri_goo_0,0.9934849347361179,0.9253030062635396
Chris_Comfort_s_Push_Up_Workout_Part_I_pushup_f_nm_np1_ri_goo_1,0.9922164159157689,0.9270616425791157
Chris_Comfort_s_Push_Up_Workout_Part_I_pushup_f_nm_np1_ri_goo_2,0.9931803103774569,0.9294960742755104
Clay_sBasketballSkillz_dribble_f_nm_np1_fr_med_18,0.9862437072637711,0.9301845128837692
Clay_sBasketballSkillz_dribble_f_nm_np1_le_med_1,0.990017896794711,0.9332736344534851
Clay_sBasketballSkillz_pick_f_nm_np1_ri_med_8,0.9915882616717213,0.9326427011679669
Clay_sBasketballSkillz_shoot_ball_f_nm_np1_ba_med_13,0.9915466894879991,0.9331472772026616
Clay_sBasketballSkillz_shoot_ball_f_nm_np1_ba_med_3,0.9911246310417734,0.9283451617416718
Clay_sBasketballSkillz_shoot_ball_f_nm_np1_ba_med_4,0.9926072756704221,0.9300576840188396
Clay_sBasketballSkillz_shoot_ball_f_nm_np1_ba_med_5,0.9930104993537361,0.9352762315924373
Clay_sBasketballSkillz_shoot_ball_f_nm_np1_ba_med_6,0.9910200021687712,0.9346837700749707
Clay_sBasketballSkillz_shoot_ball_f_nm_np1_ba_med_7,0.9915838916524689,0.9343982840271448
Clay_sBasketballSkillz_shoot_ball_u_nm_np1_ba_med_12,0.9836899328122038,0.9292209749477993
Clay_sBasketballSkillz_shoot_ball_u_nm_np1_ba_med_17,0.9811449787514993,0.930412914664311
Clay_sBasketballSkillz_shoot_ball_u_nm_np1_ba_med_9,0.9883526563673979,0.9447548994161207
Cocktail_Pouring_pour_u_nm_np2_ri_med_0,0.9935313980463217,0.9436256927850267
Compilationknifethrowing_throw_u_nm_np1_ba_med_1,0.985429740559963,0.8992313793257126
Compilationknifethrowing_throw_u_nm_np1_ba_med_10,0.9877095012120182,0.889399418176154
Compilationknifethrowing_throw_u_nm_np1_ba_med_12,0.9881726264359104,0.8936936250572715
Compilationknifethrowing_throw_u_nm_np1_ba_med_13,0.9877930584839245,0.896454302795232
Compilationknifethrowing_throw_u_nm_np1_ba_med_14,0.989069893134219,0.8920842063297395
Compilationknifethrowing_throw_u_nm_np1_ba_med_16,0.9890254298038214,0.8982190653826675
Compilationknifethrowing_throw_u_nm_np1_ba_med_18,0.9791117277541336,0.9000451666116358
Compilationknifethrowing_throw_u_nm_np1_ba_med_19,0.9758072705058731,0.8915286205474002
Compilationknifethrowing_throw_u_nm_np1_ba_med_2,0.9852441593705693,0.8930370921662211
Compilationknifethrowing_throw_u_nm_np1_ba_med_3,0.9837888268121823,0.9025376953110117
Compilationknifethrowing_throw_u_nm_np1_ba_med_4,0.9833164517576736,0.8956781844426236
Compilationknifethrowing_throw_u_nm_np1_ba_med_6,0.9826931405305632,0.8894490789194239
Compilationknifethrowing_throw_u_nm_np1_ba_med_7,0.9856385696882127,0.8947657768356904
Cuba_Libre_-_Just_do_it_with_Drinkadrink_com_pour_u_nm_np1_fr_goo_0,0.996740125666112,0.8589538746504245
DBK_Custom_Swords_-__Swordless__ScabbardBelt_draw_sword_u_nm_np1_fr_med_0,0.9847517221656026,0.932636978498318
DBK_Custom_Swords_-__Swordless__ScabbardBelt_draw_sword_u_nm_np1_fr_med_1,0.9803003344113302,0.9270518461156204
DBK_Custom_Swords_-__Swordless__ScabbardBelt_draw_sword_u_nm_np1_fr_med_2,0.9848595847083863,0.9292239883980201
DC_Personal_Trainer_-_How_To_Do_A_Push-up_The_RIGHT_Way_pushup_f_nm_np1_ri_goo_0,0.9922365732733212,0.9568012110612323
DefensivePistolShootingTechniques_shoot_gun_f_nm_np1_fr_med_0,0.9945338275289753,0.9188655534856897
DefensivePistolShootingTechniques_shoot_gun_f_nm_np1_fr_med_3,0.993339760921752,0.9149091707591583
DefensivePistolShootingTechniques_shoot_gun_f_nm_np1_ri_med_5,0.9846213980521382,0.9122463493446341
DefensivePistolShootingTechniques_shoot_gun_u_nm_np1_fr_med_2,0.9900735620439031,0.9150993381203266
Dollar_Prank_at_the_Rivertown_Mall_pick_f_nm_np1_fr_med_1,0.9827267568006385,0.9319895716004263
Dollar_Prank_at_the_Rivertown_Mall_pick_f_nm_np1_fr_med_3,0.9828823250883051,0.9077435036006369
Double_bubble_in_one_big_bubble_-D_chew_h_nm_np1_fr_goo_1,0.9820924135877541,0.9378335778076597
Drawing_Katana_from_Back_draw_sword_u_nm_np1_fr_med_0,0.9863512280500318,0.9236206454772714
Drawing_and_Resheathing_the_Japanese_Sword_draw_sword_u_nm_np1_le_med_0,0.9874296584704787,0.9204128582407557
Drawing_and_Resheathing_the_Japanese_Sword_draw_sword_u_nm_np1_le_med_1,0.9849446551876784,0.9064866361865519
Drawing_and_Resheathing_the_Japanese_Sword_draw_sword_u_nm_np1_le_med_2,0.9867174247473168,0.9179056043389843
Drink_#18_-_Apple_martini_pour_u_nm_np1_fr_goo_0,0.9873156839002464,0.9212455954846733
Drink_#18_-_Apple_martini_pour_u_nm_np1_fr_goo_2,0.9900876136633114,0.9246749381239859
Evian_Masters_Junior_Cup_Highlights_2009_golf_f_nm_np1_ba_goo_0,0.9911830117620802,0.9396328676436522
Evian_Masters_Junior_Cup_Highlights_2009_golf_f_nm_np1_ba_goo_2,0.9857202672210037,0.9377512785473361
Evian_Masters_Junior_Cup_Highlights_2009_golf_f_nm_np1_le_goo_4,0.9888600873574567,0.9296725541056385
Evian_Masters_Junior_Cup_Highlights_2009_golf_f_nm_np1_ri_goo_3,0.9918067412194749,0.9437709783703716
Fastestguninthewest_shoot_gun_f_nm_np1_ri_med_0,0.986222957184076,0.9115527963429042
FestivalofColors_stand_f_nm_np1_fr_med_0,0.9856409261190592,0.9423078400686982
FirearmsTraining_shoot_gun_f_nm_np2_le_med_10,0.9908622277833598,0.9263979750037541
FirearmsTraining_shoot_gun_u_nm_np1_ri_med_11,0.9930134312321234,0.9413077841044809
FirearmsTraining_shoot_gun_u_nm_np1_ri_med_3,0.9959538855095094,0.9232623196975087
FirearmsTraining_shoot_gun_u_nm_np1_ri_med_4,0.9911318239782458,0.9298807574001842
Fun_Chewing_Gum!_chew_h_nm_np1_fr_med_0,0.9877901972784537,0.9382223957167093
Fun_Chewing_Gum!_chew_h_nm_np1_fr_med_1,0.9844231565612819,0.9328179858533432
Fun_Chewing_Gum!_chew_h_nm_np1_fr_med_2,0.9861902943671679,0.940557983342649
Fun_Chewing_Gum!_chew_h_nm_np2_fr_med_3,0.985064874470967,0.9566685057009602
GardenWiseB256kb_pick_f_nm_np1_le_med_0,0.9768400188328771,0.9019751773133702
Get_six_pack_abs_in_6_minutes_on_your_couch__This_Works!_situp_f_nm_np1_ba_med_1,0.9931444106056647,0.9488890496594882
Get_six_pack_abs_in_6_minutes_on_your_couch__This_Works!_situp_f_nm_np1_ba_med_2,0.9937901643100403,0.9489829472710016
Golf_Tips_-_Hit_The_Driver_300+_Yards!!!_golf_f_nm_np1_fr_med_0,0.9933636937351861,0.9345663971833424
Gum_Chewing_Girl_chew_h_nm_np1_fr_med_0,0.9778582026181093,0.9410569784630072
Gum_Chewing_Girl_chew_h_nm_np1_fr_med_1,0.9765384094756238,0.9446909111036207
Gum_Chewing_Girl_chew_h_nm_np1_fr_med_2,0.9742337864977426,0.9422537368597702
Gymnastic_handstand_handstand_f_nm_np1_le_med_2,0.9856772889077502,0.9105863214419504
Gymnastic_handstand_handstand_f_nm_np1_ri_med_0,0.989944524518812,0.9064587318405641
Hand_Stand_Push_Ups_handstand_f_nm_np1_ba_med_0,0.9866544418791482,0.9371916586950902
Highball_Cocktail_Drink_Recipe_pour_u_nm_np1_fr_med_0,0.9960160555103729,0.8918851195369479
Hittingadouble(BXbaseball)_swing_baseball_f_nm_np1_ba_bad_2,0.9905971250607033,0.908784202106057
Hittingadouble(BXbaseball)_swing_baseball_f_nm_np1_ba_bad_3,0.9912208593150482,0.919430095020508
How_To_Pour_Ice_Tea_pour_u_nm_np1_fr_med_1,0.9859499072383048,0.9321609676540822
How_To_Pour_Ice_Tea_pour_u_nm_np1_fr_med_2,0.9846591129162904,0.9329520757859944
How_to_Build_a_Cocktail_pour_u_nm_np1_fr_med_0,0.9945294255561614,0.9349541777653365
How_to_Build_a_Cocktail_pour_u_nm_np1_fr_med_1,0.9955338302857565,0.9406272384234583
How_to_do_a_Cartwheel_cartwheel_f_nm_np1_le_med_2,0.9894524958881808,0.909531916516732
How_to_do_a_Cartwheel_cartwheel_f_nm_np1_ri_med_0,0.9901526974620376,0.9183295518161435
How_to_get_a_six_pack_in_3minutes_EXPLOSIVE_RESULTS_IN_YOUR_4_WEEKS_situp_f_nm_np1_ri_med_1,0.9917296287749178,0.9332703644323601
How_to_get_a_six_pack_in_3minutes_EXPLOSIVE_RESULTS_IN_YOUR_4_WEEKS_situp_f_nm_np1_ri_med_2,0.9916240307353369,0.9297333273060004
How_to_smoke_smoke_h_nm_np1_fr_goo_0,0.9877244428939491,0.9349175573518103
How_to_smoke_smoke_h_nm_np1_fr_goo_1,0.9899053725355172,0.9411135851461669
HowtoswingaBaseballbat_swing_baseball_f_nm_np1_le_bad_1,0.994482403574284,0.9319574861861737
Iaido_13_katas_draw_sword_f_nm_np1_ba_med_2,0.9905211199713375,0.939520022603126
Iaido_13_katas_draw_sword_f_nm_np1_fr_med_0,0.9943727044191227,0.9499092945786072
Iaido_13_katas_draw_sword_f_nm_np1_fr_med_7,0.9873159080798048,0.9288767795961325
Iaido_13_katas_draw_sword_f_nm_np1_fr_med_9,0.9895200309111948,0.9326272056759308
Iaido_13_katas_draw_sword_f_nm_np1_le_med_5,0.9881114504447374,0.9412424301514617
Iaido_13_katas_sword_exercise_f_nm_np1_ba_bad_11,0.9890723726222014,0.9393553682063768
Iaido_13_katas_sword_exercise_f_nm_np1_fr_bad_10,0.9888902878337935,0.9319533119514007
Iaido_13_katas_sword_exercise_f_nm_np1_fr_bad_13,0.989743814610827,0.9473954341603078
Iaido_13_katas_sword_exercise_f_nm_np1_fr_bad_3,0.9875695856214526,0.9380045398239151
Iaido_13_katas_sword_exercise_f_nm_np1_fr_bad_4,0.9907848097108596,0.9358883293094948
Iaido_video_instruction_series_Wehrhahn_Sensei_draw_sword_f_nm_np1_le_med_5,0.9903801946811905,0.9326575401290835
Iaido_video_instruction_series_Wehrhahn_Sensei_sword_exercise_f_nm_np1_le_bad_1,0.9910960177354814,0.9406204629436269
Incline_Dumbell_Situps_45lbs_2ndxpr_25x_situp_f_nm_np1_ri_med_2,0.9884058174391851,0.9366282077192077
Intermidate_to_advanced_abs_situp_f_nm_np1_fr_med_0,0.9773815670033574,0.9085645974624816
Intermidate_to_advanced_abs_situp_f_nm_np1_fr_med_2,0.977159745709186,0.9107791824685514
Jeff_Ritter_-_Power_Drill_golf_f_nm_np1_ri_med_0,0.9895569574797239,0.9534338528695866
Jeff_Ritter_-_The_Transition_golf_f_nm_np1_ri_med_0,0.9896920274451632,0.9529054895433582
Just_Say_NO_to_AQUA_DOTS!_climb_stairs_l_nm_np1_ba_med_0,0.9790784124253331,0.9236198902460638
Kamikaze_Martini_Coctail_pour_u_nm_np1_fr_med_0,0.9901417780006553,0.9362492756944678
Kamikaze_Martini_Coctail_pour_u_nm_np1_fr_med_1,0.9897225475121838,0.9283409726887968
KnifeThrowing_throw_f_nm_np1_le_med_0,0.9887201910322011,0.9267538609019754
KnifeThrowing_throw_f_nm_np1_le_med_1,0.9899219053369399,0.9292048112401312
KnifeThrowing_throw_f_nm_np1_le_med_2,0.9907515305198836,0.9250791149231762
KnifeThrowing_throw_f_nm_np1_le_med_3,0.9889209902778884,0.9306696053215967
KnifeThrowing_throw_f_nm_np1_le_med_4,0.9892452080408048,0.9312623980222238
Knifethrowing4knivestogethernospin_throw_u_nm_np1_ba_med_0,0.9875157611925084,0.9026949969221219
Laughing_Girl_smoke_u_nm_np1_ri_goo_0,0.9949824688110215,0.9310842378707817
LearnToShootFromTheMaster_shoot_ball_f_nm_np1_ba_med_0,0.9833464006927298,0.9293529872220502
LearnToShootFromTheMaster_shoot_ball_f_nm_np1_ba_med_1,0.9866717671798375,0.938761901855318
LearnToShootFromTheMaster_shoot_ball_f_nm_np1_ba_med_2,0.9883686657630267,0.941560224994275
LearnToShootFromTheMaster_shoot_ball_f_nm_np1_ba_med_3,0.9872778230659167,0.9367180614413093
LearnToShootFromTheMaster_shoot_ball_f_nm_np1_ba_med_4,0.9893294629095977,0.9388409540716385
Learn_How_to_do_a_Handstand_handstand_f_nm_np1_ri_med_1,0.9918442704354704,0.9088915911156066
Lektion_3__-_Das_Haare_b_rsten_brush_hair_h_nm_np1_fr_med_1,0.9818385448703019,0.9263881356826232
Long_Handstand_-_Two_Minutes_handstand_f_nm_np1_ri_med_0,0.9795207401433759,0.9231571065763249
Lori_Does_Desktop_Pushups_pushup_f_nm_np1_le_goo_1,0.9920692539358436,0.9363776119081647
Lori_Does_Desktop_Pushups_pushup_f_nm_np1_le_goo_2,0.9915073520732626,0.9362143393332738
Mark_Pfeltz_Sets_World_Record_For_sit_ups_situp_f_nm_np1_fr_bad_2,0.9773796511054292,0.9289270230684108
Mark_Pfeltz_Sets_World_Record_For_sit_ups_situp_f_nm_np1_fr_bad_3,0.9729480357043775,0.9148853537579912
Mark_Pfeltz_Sets_World_Record_For_sit_ups_situp_f_nm_np1_fr_bad_4,0.9825957129811633,0.931519607217417
Mark_Pfeltz_Sets_World_Record_For_sit_ups_situp_f_nm_np1_ri_bad_1,0.984907906951986,0.9287626488314888
Massive_Bubble_Gum_Bubble_chew_h_nm_np1_le_goo_1,0.9894557099023351,0.9465143823610958
MattBolden(hittinginslowmotion)_swing_baseball_f_nm_np1_fr_bad_0,0.9963969068061593,0.9490238204350099
MeShootin2_shoot_gun_u_nm_np1_ri_med_0,0.9861731084873352,0.9116123022471359
MeShootin2_shoot_gun_u_nm_np1_ri_med_1,0.9889790804601132,0.920954768937754
MeShootin2_shoot_gun_u_nm_np1_ri_med_2,0.9873732076498956,0.9229564363976188
Me_chewing_hubba_bubba_bubble_gum_chew_h_nm_np1_fr_bad_0,0.985383094697274,0.9255668377080412
Me_chewing_hubba_bubba_bubble_gum_chew_h_nm_np1_fr_bad_1,0.9858999430709684,0.925638963678792
Me_chewing_hubba_bubba_bubble_gum_chew_h_nm_np1_fr_bad_2,0.9828724430635046,0.935474008114064
Mr__Bubblegum_chew_h_nm_np1_fr_med_1,0.9735237932981833,0.9081433458353646
Mr__Bubblegum_chew_h_nm_np1_fr_med_2,0.9761448215110222,0.9169151061135903
My_First_Hefeweizen_pour_u_nm_np1_ri_med_1,0.9959292936506075,0.9213724408685061
My_Lil__Man_clapping_his_Hands_clap_u_nm_np1_fr_goo_0,0.9696837198933094,0.9201064900402895
My_Lil__Man_clapping_his_Hands_clap_u_nm_np1_fr_med_1,0.9700909827027955,0.9235800328801268
My_smileEh_smile_h_nm_np1_fr_goo_0,0.9949965901886417,0.9301485019237982
NH-__Open_Carry_Litter_Pickup_in__troubled__neighborhood_pick_f_nm_np1_le_med_0,0.9902563682433173,0.9231542411580019
Na_Yeon_Choi_practice_1_golf_f_nm_np1_ri_goo_0,0.9912839326264784,0.945276518195689
Na_Yeon_Choi_practice_1_golf_f_nm_np1_ri_goo_1,0.9927600771845718,0.934201383592743
Na_Yeon_Choi_practice_1_golf_f_nm_np1_ri_goo_2,0.9936719320243672,0.9390680628719086
Narcotic1967256kb_climb_stairs_f_nm_np1_ba_med_0,0.9878250701108039,0.9331159195044586
New_Orleans__best_cocktails-_Hot_Buttered_Rum_pour_u_nm_np1_fr_med_0,0.9945958922033544,0.9300140293503046
New_Orleans__best_cocktails-_Hot_Buttered_Rum_pour_u_nm_np1_fr_med_1,0.997069252162906,0.9207127404337898
New_Orleans__best_cocktails-_Hot_Buttered_Rum_pour_u_nm_np1_fr_med_2,0.9950841671498577,0.9305561543778236
Ninja_(samurai_sword)_draw_sword_u_nm_np1_fr_med_0,0.9860312370766555,0.9366845256706666
Ninja_Warrior_Ultimate_Push_up_Training_pushup_f_nm_np1_le_goo_0,0.9867086478412895,0.9392146453255756
Ninja_Warrior_Ultimate_Push_up_Training_pushup_f_nm_np1_le_goo_1,0.9889341694150064,0.9421300185385664
Ninja_Warrior_Ultimate_Push_up_Training_pushup_f_nm_np1_le_goo_2,0.9909695683389208,0.9409928542513435
Ninja_Warrior_Ultimate_Six_Pack_Abs_Sit_up_Training_situp_f_nm_np1_ri_med_2,0.9891715512367355,0.9412051202030449
OldSchool_drink_h_nm_np1_fr_goo_4,0.9801851516510696,0.9381300956672837
OldSchool_drink_u_nm_np1_ri_goo_5,0.9815318285997872,0.9263198628881163
Panic_in_the_Streets_sit_f_nm_np1_le_med_7,0.9823593111793122,0.9280847684577108
Panic_in_the_Streets_stand_f_nm_np1_fr_med_8,0.9908386686747322,0.9480663108197956
Panic_in_the_Streets_walk_u_nm_np1_fr_bad_10,0.9883095251710362,0.9319649047579461
Panic_in_the_Streets_walk_u_nm_np1_fr_med_4,0.986386429250477,0.9389871827692305
Personal_Training_Workout_Tips_situp_f_nm_np1_le_goo_0,0.9894317874299341,0.9299586693450805
Personal_Training_Workout_Tips_situp_f_nm_np1_le_goo_1,0.9897154024740615,0.9317501661281561
PlayingBasketballGotWater_dribble_f_nm_np1_ba_med_7,0.9934892551877555,0.9297931113228587
PlayingBasketballGotWater_shoot_ball_f_nm_np1_ba_med_0,0.9951039754923647,0.9283720273871549
PlayingBasketballGotWater_shoot_ball_f_nm_np1_ba_med_8,0.9919846493950686,0.933877518100716
PlayingBasketballGotWater_shoot_ball_f_nm_np1_ri_med_2,0.9893796733922802,0.9244071261896735
PlayingBasketball_dribble_f_nm_np1_le_med_4,0.9826990986242717,0.9114449822434415
PlayingBasketball_shoot_ball_f_nm_np1_ba_med_7,0.9890965538071835,0.9243167591609712
PlayingBasketball_shoot_ball_f_nm_np1_ri_med_1,0.9814213311609077,0.9083625752932003
PlayingBasketball_shoot_ball_f_nm_np1_ri_med_2,0.9858023101060494,0.9205628770204046
PlayingBasketball_shoot_ball_f_nm_np1_ri_med_5,0.9793296978240782,0.9117641740567735
Proper_Way_to_Do_Pull_Ups_pullup_f_nm_np1_ri_goo_0,0.9943693848055554,0.9322779554946471
Proper_Way_to_Do_Pull_Ups_pullup_u_nm_np1_ri_goo_3,0.9933735157473711,0.9019243513371735
Proper_Way_to_Do_Pull_Ups_pullup_u_nm_np1_ri_goo_4,0.9933757911498821,0.9019755579641728
Push_Up_Battle_pushup_u_nm_np2_le_bad_0,0.9842576211385972,0.9359876807029186
Push_Up_Workout_--_Do_100_Total_Pushups_In_A_Row_pushup_f_nm_np1_le_med_0,0.9888603852663937,0.9484356099322329
Push_Up_Workout_--_Do_100_Total_Pushups_In_A_Row_pushup_f_nm_np1_le_med_1,0.989513326377671,0.9500007411071593
Push_Up_Workout_--_Do_100_Total_Pushups_In_A_Row_pushup_f_nm_np1_le_med_2,0.9896262729177282,0.9471501123057547
Push_Ups_1_pushup_f_nm_np1_le_med_0,0.991281277236522,0.9370772531767326
Push_Ups_1_pushup_f_nm_np1_le_med_1,0.9912021633518774,0.9329671926069278
Raito_Kata_from_Shindo_Munen_Ryu_Instructional_Video_draw_sword_f_nm_np1_fr_med_0,0.9906808604003967,0.936103027763414
Raito_Kata_from_Shindo_Munen_Ryu_Instructional_Video_draw_sword_f_nm_np1_fr_med_1,0.98799919657499,0.9327388518934019
Raito_Kata_from_Shindo_Munen_Ryu_Instructional_Video_draw_sword_f_nm_np1_le_med_2,0.9867474986458893,0.9333626983033723
Raito_Kata_from_Shindo_Munen_Ryu_Instructional_Video_draw_sword_f_nm_np1_le_med_3,0.9859478607426072,0.9355464901041307
Random_Pull_Up_Exercises_pullup_f_nm_np1_ba_med_0,0.9935038673685077,0.9211930886965177
Random_Pull_Up_Exercises_pullup_f_nm_np1_ba_med_1,0.9932810439117838,0.9249426832437087
Random_Pull_Up_Exercises_pullup_f_nm_np1_fr_med_2,0.9897411230830215,0.9193441445269036
Random_Pull_Up_Exercises_pullup_f_nm_np1_fr_med_3,0.9916567889678527,0.9302858248188856
Rauchen_f_r_Anf_nger_smoke_h_nm_np1_fr_med_1,0.9931695090224038,0.941037500325433
Rauchen_f_r_Anf_nger_smoke_h_nm_np1_fr_med_2,0.988944108819413,0.9373949966100641
Re-_Show_your_Smile!_10_smile_h_nm_np1_fr_goo_0,0.9959892380032808,0.9499282049535929
Re-_Show_your_Smile!_1_smile_h_nm_np1_fr_goo_0,0.9967821054967401,0.9632872719651978
Re-_Show_your_Smile!_3_smile_h_nm_np1_fr_goo_0,0.9925723617552138,0.9378651330107499
Re-_Show_your_Smile!_4_smile_h_nm_np1_fr_med_0,0.9939798729468248,0.9467585885340204
Re-_Show_your_Smile!_8_smile_h_nm_np1_fr_goo_0,0.9981478485404811,0.9520461529595686
ReggieMillerTakesonThreeAverageGuysinaShootout_shoot_ball_u_nm_np1_ba_med_0,0.9844721041911705,0.9015223944419553
ReggieMillerTakesonThreeAverageGuysinaShootout_shoot_ball_u_nm_np1_ba_med_1,0.9765312154328978,0.9224555955085169
ReggieMillerTakesonThreeAverageGuysinaShootout_shoot_ball_u_nm_np1_ba_med_10,0.9754868889457414,0.928539538385429
ReggieMillerTakesonThreeAverageGuysinaShootout_shoot_ball_u_nm_np1_ba_med_11,0.9688122956753877,0.9009855812665987
ReggieMillerTakesonThreeAverageGuysinaShootout_shoot_ball_u_nm_np1_ba_med_13,0.9774122211959217,0.9374268832746142
ReggieMillerTakesonThreeAverageGuysinaShootout_shoot_ball_u_nm_np1_ba_med_16,0.9781890794901821,0.9289233047264567
ReggieMillerTakesonThreeAverageGuysinaShootout_shoot_ball_u_nm_np1_ba_med_17,0.9789458866116604,0.927799416609331
ReggieMillerTakesonThreeAverageGuysinaShootout_shoot_ball_u_nm_np1_ba_med_18,0.9698256538240533,0.9138375906255035
ReggieMillerTakesonThreeAverageGuysinaShootout_shoot_ball_u_nm_np1_ba_med_19,0.9836045323966903,0.9276514520016576
ReggieMillerTakesonThreeAverageGuysinaShootout_shoot_ball_u_nm_np1_ba_med_2,0.9823382662905918,0.9325085121584785
ReggieMillerTakesonThreeAverageGuysinaShootout_shoot_ball_u_nm_np1_ba_med_3,0.9670199406588137,0.9323012319163982
ReggieMillerTakesonThreeAverageGuysinaShootout_shoot_ball_u_nm_np1_ba_med_4,0.9798453390499862,0.9379997996956018
ReggieMillerTakesonThreeAverageGuysinaShootout_shoot_ball_u_nm_np1_ba_med_5,0.9696995983513579,0.9244112938177503
ReggieMillerTakesonThreeAverageGuysinaShootout_shoot_ball_u_nm_np1_ba_med_6,0.9787453398154695,0.9224902904640049
ReggieMillerTakesonThreeAverageGuysinaShootout_shoot_ball_u_nm_np1_ba_med_7,0.9769536984167525,0.9139240098751872
Rum_Mixed_Drinks-_Part_4_-_How_to_Make_the_Cuba_Libre_Mixed_Drink_pour_u_nm_np1_fr_goo_0,0.9849389748199607,0.9139067166471773
Rum_Mixed_Drinks-_Part_4_-_How_to_Make_the_Cuba_Libre_Mixed_Drink_pour_u_nm_np1_fr_goo_1,0.9911390932427252,0.92923322588636
Rum_Mixed_Drinks-_Part_4_-_How_to_Make_the_Cuba_Libre_Mixed_Drink_pour_u_nm_np1_fr_goo_2,0.9906611748762038,0.9334604588604422
SAFE_NO-WALL_HANDSTAND_ESCAPE_PLAN_handstand_f_nm_np1_ri_med_1,0.9930622469005391,0.9351590866003434
SE7EN_SMILES_x3_smile_h_nm_np1_fr_bad_7,0.9786581670728348,0.9463959382317927
SE7EN_SMILES_x3_smile_h_nm_np1_fr_med_2,0.9806363561483227,0.9569587624696018
SE7EN_SMILES_x3_smile_h_nm_np1_fr_med_4,0.9700393444324579,0.9260765705849385
SE7EN_SMILES_x3_smile_h_nm_np1_fr_med_6,0.9721612800397589,0.9256646854922074
SMILES_FROM_OFF_THE_ROAD_2_-TREASURING_THE_GIRLCHILD_smile_h_nm_np1_fr_goo_2,0.9856631263144551,0.9195740921287273
SMILES_FROM_OFF_THE_ROAD_2_-TREASURING_THE_GIRLCHILD_smile_h_nm_np1_fr_med_0,0.990366850982908,0.9279136873224557
SMILES_FROM_OFF_THE_ROAD_3_-TRAVELS_WITH_A_HAT_smile_h_nm_np1_fr_bad_2,0.9860404754614615,0.9289984613257933
SMILES_FROM_OFF_THE_ROAD_3_-TRAVELS_WITH_A_HAT_smile_h_nm_np1_fr_goo_0,0.9958629274915811,0.923589166147928
SMILES_FROM_OFF_THE_ROAD_3_-TRAVELS_WITH_A_HAT_smile_h_nm_np1_fr_goo_3,0.9906702516820457,0.9467429791441108
SMILES_FROM_OFF_THE_ROAD_3_-TRAVELS_WITH_A_HAT_smile_h_nm_np1_fr_med_4,0.9878630681868484,0.9130360853505235
SMILES_FROM_OFF_THE_ROAD_3_-TRAVELS_WITH_A_HAT_smile_h_nm_np1_fr_med_5,0.9954577227913861,0.9318556441755119
SafeInPort_climb_f_nm_np1_ba_med_0,0.9894526541064275,0.9044855421386304
SafeInPort_pick_f_nm_np1_fr_med_1,0.9820790342465711,0.9173185783895328
SchoolRulesHowTheyHelpUs_stand_u_nm_np1_fr_med_1,0.9779831982603598,0.9291050410183955
SchoolRulesHowTheyHelpUs_throw_f_nm_np1_ba_med_3,0.9800088660418613,0.9219777090569607
SchoolRulesHowTheyHelpUs_turn_u_nm_np1_ri_med_4,0.9868216646365497,0.915470946779828
Scott_Can_t_Make_His_Bubblegum_Pop_chew_h_nm_np1_fr_med_0,0.9861125563905931,0.9412989346736076
Scott_Can_t_Make_His_Bubblegum_Pop_chew_h_nm_np1_fr_med_1,0.9851521233440421,0.9376346673204373
Scott_Can_t_Make_His_Bubblegum_Pop_chew_h_nm_np1_fr_med_2,0.9828459742582573,0.9316800416585196
Sexy_girl_on_the_bed_teasing_chew_u_nm_np1_fr_med_0,0.9788827555513193,0.9311638980935597
Sexy_girl_on_the_bed_teasing_chew_u_nm_np1_fr_med_1,0.9900333064066426,0.9368787789997377
Shadow_of_a_Doubt_drink_h_nm_np1_fr_goo_8,0.9946808090489345,0.9519422931402648
Shadow_of_a_Doubt_run_f_nm_np1_fr_med_16,0.9885667016335322,0.9258490309935772
Shootingarecurve_shoot_bow_u_nm_np1_fr_med_0,0.9828164550057092,0.9304210123586242
Shootingarecurve_shoot_bow_u_nm_np1_fr_med_1,0.9812058537743977,0.9219075122249696
Shootingarecurve_shoot_bow_u_nm_np1_fr_med_2,0.9802460346752175,0.9213967299542503
Shootingarecurve_shoot_bow_u_nm_np1_fr_med_3,0.9808792830538767,0.9287661454906845
Shootingarecurve_shoot_bow_u_nm_np1_fr_med_4,0.9811898187702692,0.9255672343369166
Shootingattherange_shoot_gun_f_nm_np1_ri_med_0,0.9913826994378742,0.9560498583183247
Show_Your_Smile_-)_1_smile_h_nm_np1_fr_goo_0,0.9913693509410322,0.9460987532075146
Silky_Straight_Hair_Original_brush_hair_h_nm_np1_ba_goo_1,0.9732017937572186,0.9288940115073833
Sit_ups_and_crunch_situp_f_nm_np1_le_goo_0,0.990201681850037,0.935937223453023
Sit_ups_and_crunch_situp_f_nm_np1_le_goo_1,0.9873609681683672,0.9406252980444393
Sit_ups_and_crunch_situp_f_nm_np1_le_goo_2,0.987784993577219,0.9287257120268071
Sit_ups_situp_f_nm_np1_ri_goo_0,0.9945469860731134,0.9386287397694935
Sit_ups_situp_f_nm_np1_ri_goo_2,0.9945565206600949,0.9391358574778196
Skype_Laughter_Chain_reaction_1_laugh_f_nm_np3_fr_med_1,0.9941019319159696,0.922153071102148
Skype_Laughter_by_Hungary_laugh_h_nm_np2_fr_goo_0,0.9942898835516474,0.9522720848941315
Smile_-]_smile_h_nm_np1_fr_goo_0,0.9969552452455819,0.9375835963282835
So_turnt_man_richtig!!!_handstand_f_nm_np1_fr_med_2,0.9923682836280594,0.9370240497698776
So_turnt_man_richtig!!!_handstand_f_nm_np1_fr_med_3,0.9932214528591096,0.9321859804360246
So_turnt_man_richtig!!!_handstand_f_nm_np1_fr_med_4,0.9925656278515572,0.9331075341832733
SocialSeminarBunny_drink_h_nm_np1_le_med_0,0.9750845356770629,0.9240532912099199
SoundAndTheStory_pick_u_nm_np1_le_med_3,0.9835689070315686,0.911180796837074
SoundAndTheStory_turn_f_nm_np1_le_med_2,0.9913342694651718,0.9368773212278108
SoundAndTheStory_turn_u_nm_np1_ba_med_1,0.9861591695598747,0.9117654373803038
Spirit_Pouring_pour_u_nm_np1_fr_goo_1,0.9926900780066319,0.9360181825912025
Spirit_Pouring_pour_u_nm_np1_fr_goo_2,0.9888660194901754,0.9361835151539876
TVs_Best_Kisses_Top_50_(52_to_41)_kiss_h_nm_np2_le_goo_2,0.9790373806687401,0.9095538261507525
Takeda_Ryu_Iaido_draw_sword_f_nm_np1_fr_med_2,0.9899061197230528,0.9255281063914125
Takeda_Ryu_Iaido_draw_sword_f_nm_np1_fr_med_6,0.9903255668609015,0.9391836720521015
Takeda_Ryu_Iaido_draw_sword_f_nm_np1_ri_med_4,0.9843676020420917,0.926216658034416
Takeda_Ryu_Iaido_sword_f_nm_np1_fr_med_7,0.989536365672987,0.9349982789354276
Takeda_Ryu_Iaido_sword_f_nm_np1_le_med_5,0.9888956804834078,0.9283980231270459
Takeda_Ryu_Iaido_sword_f_nm_np2_le_med_0,0.987364305991799,0.9354720086769669
TanyaShooting_shoot_gun_u_nm_np1_ri_med_3,0.9918591599463815,0.9400057375954112
TanyaShooting_shoot_gun_u_nm_np1_ri_med_4,0.9925521024807186,0.936341503749875
Tenshin_Ryu_Aikido_draw_sword_f_nm_np1_ri_med_0,0.9928208602731625,0.961745131288977
The_Pomegranate_Martini_pour_u_nm_np1_fr_med_0,0.9905448925653058,0.9174279489289778
TiffanywithSpringfieldArmoryXD9_shoot_gun_u_nm_np1_ri_med_0,0.9928494048651308,0.9584926120039141
TiffanywithSpringfieldArmoryXD9_shoot_gun_u_nm_np1_ri_med_1,0.9928309538772788,0.9582885364120971
TiffanywithSpringfieldArmoryXD9_shoot_gun_u_nm_np1_ri_med_2,0.9922571163519899,0.9573665031425225
Tiger_Abs_-_Triple_Sit_Ups_situp_f_nm_np1_le_goo_0,0.9885748593128167,0.9095569640172154
Tiger_Abs_-_Triple_Sit_Ups_situp_f_nm_np1_le_goo_2,0.9861863287878445,0.9153571862422588
Ukigumo_Kata_from_Hasegawa_Eishin_Ryu_draw_sword_f_nm_np1_fr_med_2,0.9896772889009777,0.9437331725926666
Ukigumo_Kata_from_Hasegawa_Eishin_Ryu_draw_sword_f_nm_np1_le_med_1,0.9890766078952439,0.9456729636227998
Ukigumo_Kata_from_Hasegawa_Eishin_Ryu_draw_sword_f_nm_np1_le_med_3,0.990656368971087,0.9485407274839673
Video_Bartending_Guide_-_Kamikaze_Shot_Recipe_-_Vodka_Shots_pour_u_nm_np1_fr_med_1,0.9930217360086269,0.9386230723411693
Wanda_Su_and_niece__T__blowing_bubbles_chew_u_nm_np2_fr_med_0,0.9882411515135233,0.9323323022109209
Wanda_Su_and_niece__T__blowing_bubbles_chew_u_nm_np2_fr_med_1,0.9888364126781982,0.9436880341416091
Wanda_Su_and_niece__T__blowing_bubbles_chew_u_nm_np2_fr_med_2,0.9897099414857307,0.9372874990114055
Wanda_Su_and_niece__T__blowing_bubbles_chew_u_nm_np2_le_med_3,0.9880559975914888,0.947274796670832
Waschbrettbauch_I-__bung_von_fitness_com_situp_f_nm_np1_ba_goo_0,0.9927226676385791,0.9113215929618923
Waschbrettbauch_I-__bung_von_fitness_com_situp_f_nm_np1_ba_goo_1,0.9921001789182108,0.9155433829661423
Weird_Laugh_laugh_h_nm_np1_fr_goo_0,0.9891834040683968,0.9455660601356697
Yoga_teachers_practice_handstand_and_backbend_variations_handstand_f_nm_np1_fr_med_3,0.9932125314851807,0.9510143363387563
Yoga_teachers_practice_handstand_and_backbend_variations_handstand_f_nm_np1_ri_med_1,0.9937582711436428,0.9539725673129035
Yoga_teachers_practice_handstand_and_backbend_variations_handstand_f_nm_np1_ri_med_4,0.9964161718196649,0.9607277375590151
YouTube_smiles!_smile_h_nm_np1_fr_bad_27,0.9806254552973646,0.932471113806886
YouTube_smiles!_smile_h_nm_np1_fr_goo_1,0.9892923963888087,0.9448976375691707
YouTube_smiles!_smile_h_nm_np1_fr_goo_29,0.9859784162116092,0.9316341904223799
YouTube_smiles!_smile_h_nm_np1_fr_med_11,0.9891560700670666,0.9278065613806524
YouTube_smiles!_smile_h_nm_np1_fr_med_16,0.9878159668605112,0.9303025790349602
YouTube_smiles!_smile_h_nm_np1_fr_med_17,0.9879871426662232,0.9324710761982474
YouTube_smiles!_smile_h_nm_np1_fr_med_32,0.9895401840692043,0.9547228223128836
YouTube_smiles!_smile_h_nm_np1_fr_med_36,0.9727969117728862,0.9299009095770825
_Boom_Snap_Clap__challenge_clap_u_nm_np1_fr_med_1,0.9774101601218276,0.9341285999391352
amazingballthrowingtricks_throw_f_nm_np1_ri_med_0,0.9938768979963999,0.950676669271717
americanthrift2_pick_u_nm_np1_ri_med_2,0.9877206134066088,0.9513778599994458
best_laugh_attack_ever!_laugh_h_nm_np1_fr_goo_1,0.9840386953009655,0.9129260483669174
blondeandbubbles_chew_h_nm_np1_fr_goo_0,0.9828680439957728,0.9271750505450848
blondeandbubbles_chew_h_nm_np1_fr_goo_1,0.9838658579733476,0.9263330196684519
boom-snap-clap_clap_u_nm_np1_fr_med_0,0.9770576821446821,0.9301910405520228
boom-snap-clap_clap_u_nm_np1_fr_med_2,0.9802186838624921,0.9331523172626826
boom-snap-clap_clap_u_nm_np1_fr_med_3,0.9768900170089061,0.9310098878259451
boom_snap_clap_(challenge)_HARDCORE_VERSION!_clap_u_nm_np1_fr_bad_0,0.9826635706547727,0.9326733188798765
boom_snap_clap_(challenge)_HARDCORE_VERSION!_clap_u_nm_np1_fr_bad_1,0.977171018076214,0.9379918588391474
boom_snap_clap_(challenge)_clap_u_nm_np1_fr_med_0,0.9781135040531762,0.9194791209174954
brush_my_hair_without_wearing_the_glasses_brush_hair_u_nm_np1_fr_goo_1,0.9929248761524522,0.9282974007476057
brushing_hair_brush_hair_f_nm_np2_ba_goo_2,0.9846014277759136,0.9316278470108127
brushing_hair_brush_hair_f_nm_np2_ba_goo_4,0.9869854586950614,0.9386716759146729
brushing_hair_brush_hair_f_nm_np2_ri_goo_3,0.9875799847723956,0.9397645698354092
chewing_gum_1_chew_h_nm_np1_fr_goo_0,0.9910934391244265,0.937261406564313
chewing_gum_1_chew_h_nm_np1_fr_goo_1,0.990572531433325,0.9345658022019648
chewing_gum_1_chew_h_nm_np1_fr_goo_2,0.9894699216892143,0.9325475019892078
girl_smoking_a_cigarette_smoke_h_nm_np1_fr_med_0,0.9789663589835691,0.9187917834971807
girl_smoking_a_cigarette_smoke_h_nm_np1_fr_med_1,0.9833183251322006,0.9264768621647234
girl_smoking_a_cigarette_smoke_h_nm_np1_fr_med_2,0.9816064249578026,0.9261127874380917
golf_golf_f_nm_np1_ri_goo_0,0.9933564049944432,0.9315929037944474
golf_golf_f_nm_np1_ri_goo_1,0.9925679761472356,0.9366222342160914
golf_golf_f_nm_np1_ri_goo_2,0.9911578738225596,0.9330350569751118
handstand_tutorial___how_to_do_a_handstand_basic_breakdance_handstand_f_nm_np1_ri_med_0,0.9805301913438439,0.9352144202709181
handstand_tutorial___how_to_do_a_handstand_basic_breakdance_handstand_f_nm_np1_ri_med_1,0.9900346510383407,0.9361879452650245
handstand_tutorial___how_to_do_a_handstand_basic_breakdance_handstand_f_nm_np1_ri_med_2,0.9821417090878624,0.9315506465945526
hittingofftee2_swing_baseball_f_nm_np1_fr_med_0,0.9888696191043985,0.9064762044350351
hittingofftee2_swing_baseball_f_nm_np1_fr_med_10,0.9888036130703157,0.9094485378839631
hittingofftee2_swing_baseball_f_nm_np1_fr_med_11,0.9869402226632619,0.9169781968247475
hittingofftee2_swing_baseball_f_nm_np1_fr_med_2,0.9893144555662732,0.9074686654222934
hittingofftee2_swing_baseball_f_nm_np1_fr_med_3,0.9890749998820954,0.9085057951997848
hittingofftee2_swing_baseball_f_nm_np1_fr_med_4,0.9896182613814863,0.9018766616383489
hittingofftee2_swing_baseball_f_nm_np1_fr_med_5,0.9902015596657386,0.9052059264184827
hittingofftee2_swing_baseball_f_nm_np1_fr_med_6,0.989485897443288,0.9117038454922035
hittingofftee2_swing_baseball_f_nm_np1_fr_med_7,0.9895340413910818,0.9104379819267788
kettlebell_training_for_pack_ABS_-_workout_situp_f_nm_np1_le_goo_0,0.9925348125171042,0.9424092543960072
kettlebell_training_for_pack_ABS_-_workout_situp_f_nm_np1_le_goo_1,0.9946839198266881,0.9471757179571072
laugh__about_skype_laughter_chain_laugh_u_nm_np2_fr_med_1,0.9912245956039596,0.9552901588690328
likebeckam_stand_f_nm_np1_fr_med_7,0.9818445546227481,0.9202410007705959
likebeckam_walk_f_nm_np1_ba_med_32,0.9924768347771744,0.9226821139643232
likebeckam_walk_f_nm_np1_fr_med_36,0.993599216973412,0.9206782590313266
lol_im_so_weird___BLOWIN_BUBBLE_GUM__oops_i_burped_at_the_end_my_bad_lol_chew_h_nm_np1_fr_med_2,0.9843312255294534,0.9311878595610456
long_hair_Christa__brush_hair_u_nm_np1_le_goo_0,0.9767525382807933,0.9145758420344469
nice_smoking_girl_smoke_h_nm_np1_le_med_0,0.9917175749730824,0.9197459261820841
pseudo_planche_pushups_pushup_u_nm_np1_ri_bad_0,0.9931547771041931,0.94446891082793
pseudo_planche_pushups_pushup_u_nm_np1_ri_bad_2,0.9891014948616172,0.9418230514961655
pull_ups_pullup_u_nm_np1_ba_med_0,0.9923968927188482,0.9348096025214928
pull_ups_pullup_u_nm_np1_ba_med_2,0.9882372450297757,0.9410706855351169
pull_ups_pullup_u_nm_np1_fr_med_3,0.9897358784622338,0.9274002415791751
pull_ups_pullup_u_nm_np1_fr_med_4,0.9872714702799772,0.9244137423627129
pull_ups_pullup_u_nm_np1_fr_med_5,0.9877388878755687,0.9220119397645484
push_ups_pushup_f_nm_np1_ri_goo_0,0.9890632329583352,0.9331900503380425
push_ups_pushup_f_nm_np1_ri_goo_1,0.9860644798585815,0.9343774076005954
push_ups_pushup_f_nm_np1_ri_goo_2,0.9891469294557856,0.9334266901842713
show_your_smile_-)_smile_h_nm_np1_fr_med_0,0.9980181812610311,0.944916794598764
showyoursmile_smile_h_nm_np1_fr_goo_0,0.9923689046317423,0.9392168974300794
smile_collection_7_smile_h_nm_np1_fr_goo_1,0.9881782132955937,0.9284569917791698
smoking_smoking_-_tricks!_smoke_h_nm_np1_fr_goo_0,0.9937263495722465,0.9333617191850537
that70_sshowslowclap_clap_u_nm_np1_fr_med_0,0.9874384671690123,0.94547780571356
wave_and_say_hi_wave_u_nm_np1_fr_med_0,0.9855925502405377,0.942149035931063
youtube_smile_response_smile_h_nm_np1_fr_goo_0,0.9983355155390222,0.9460377670067894
zigarette_rauchen_smoke_h_nm_np1_fr_med_2,0.9947032233748448,0.9496376934859427
