video_name,fvd_score
Cocktail_Pouring_pour_u_nm_np2_ri_med_0,168.60441681501933
Shadow_of_a_Doubt_run_f_nm_np1_fr_med_16,99.75008944458219
Yoga_teachers_practice_handstand_and_backbend_variations_handstand_f_nm_np1_ri_med_4,94.7365750354329
DefensivePistolShootingTechniques_shoot_gun_u_nm_np1_fr_med_2,50.69797058754607
MeShootin2_shoot_gun_u_nm_np1_ri_med_0,156.94688879763925
Lori_Does_Desktop_Pushups_pushup_f_nm_np1_le_goo_1,145.73363928490488
Shootingarecurve_shoot_bow_u_nm_np1_fr_med_4,164.01450622022446
50_pull_ups_made_in_germany_pullup_f_nm_np1_le_med_0,64.57440552851766
Best_Of_Skype_Laughter_Chain_laugh_h_nm_np1_fr_bad_5,140.7860187161572
Best_Of_Skype_Laughter_Chain_laugh_h_nm_np1_fr_bad_9,162.15785821412211
girl_smoking_a_cigarette_smoke_h_nm_np1_fr_med_0,32.51528710909315
Hittingadouble(BXbaseball)_swing_baseball_f_nm_np1_ba_bad_3,253.72714213610064
FestivalofColors_stand_f_nm_np1_fr_med_0,71.120957467061
show_your_smile_-)_smile_h_nm_np1_fr_med_0,142.82314289632419
FirearmsTraining_shoot_gun_u_nm_np1_ri_med_11,13.807621405060358
Smile_-]_smile_h_nm_np1_fr_goo_0,107.60846076249332
Highball_Cocktail_Drink_Recipe_pour_u_nm_np1_fr_med_0,218.6784274713482
boom_snap_clap_(challenge)_clap_u_nm_np1_fr_med_0,159.33132143330948
5_Min_Tone_Abs_Workout_2__Fitness_Training_w__Tammy_situp_f_nm_np1_le_goo_5,61.03202505110824
DefensivePistolShootingTechniques_shoot_gun_f_nm_np1_ri_med_5,241.55483428788494
Re-_Show_your_Smile!_4_smile_h_nm_np1_fr_med_0,113.03919178460686
boom-snap-clap_clap_u_nm_np1_fr_med_2,38.273093298628254
Blonde_being_brushed_brush_hair_f_nm_np2_ri_med_0,74.4489664128594
Sit_ups_and_crunch_situp_f_nm_np1_le_goo_0,41.619486086993774
Push_Ups_1_pushup_f_nm_np1_le_med_1,115.96416121605662
Iaido_13_katas_sword_exercise_f_nm_np1_fr_bad_10,38.96830046462236
Lektion_3__-_Das_Haare_b_rsten_brush_hair_h_nm_np1_fr_med_1,137.3264928293581
hittingofftee2_swing_baseball_f_nm_np1_fr_med_5,143.0583735396008
KnifeThrowing_throw_f_nm_np1_le_med_4,103.96886687985798
ArcheryFastShooting_shoot_bow_u_nm_np1_fr_med_5,215.50833624198242
Cachaca_cocktails_pour_u_nm_np1_fr_med_2,139.08221902570148
LearnToShootFromTheMaster_shoot_ball_f_nm_np1_ba_med_0,39.68147793300078
Compilationknifethrowing_throw_u_nm_np1_ba_med_13,301.85389690836837
#122_Cleaning_Up_The_Beach_In_Chiba__Japan_pick_f_nm_np1_le_bad_2,63.09353594004793
New_Orleans__best_cocktails-_Hot_Buttered_Rum_pour_u_nm_np1_fr_med_2,82.84278429214493
Anna_Rawson_Lesson_side_by_side_golf_f_nm_np2_ba_goo_0,175.95220698710423
Push_Up_Workout_--_Do_100_Total_Pushups_In_A_Row_pushup_f_nm_np1_le_med_0,185.356758250258
Clay_sBasketballSkillz_shoot_ball_f_nm_np1_ba_med_6,125.49960937378219
Rum_Mixed_Drinks-_Part_4_-_How_to_Make_the_Cuba_Libre_Mixed_Drink_pour_u_nm_np1_fr_goo_2,158.61968697958005
Shadow_of_a_Doubt_drink_h_nm_np1_fr_goo_8,83.68949122261552
Mr__Bubblegum_chew_h_nm_np1_fr_med_1,91.76349023889283
pull_ups_pullup_u_nm_np1_ba_med_2,232.90888020729804
Big_League_Chew_chew_h_nm_np1_fr_goo_1,89.43378494763044
Clay_sBasketballSkillz_shoot_ball_f_nm_np1_ba_med_3,122.44105237801678
Proper_Way_to_Do_Pull_Ups_pullup_u_nm_np1_ri_goo_3,322.09837509703215
DefensivePistolShootingTechniques_shoot_gun_f_nm_np1_fr_med_3,109.09242216092854
Tenshin_Ryu_Aikido_draw_sword_f_nm_np1_ri_med_0,101.0471441147318
AdamandAlvonplayingbasketball2_throw_f_nm_np1_fr_med_1,105.65703373331358
ReggieMillerTakesonThreeAverageGuysinaShootout_shoot_ball_u_nm_np1_ba_med_10,57.49005540532879
Iaido_video_instruction_series_Wehrhahn_Sensei_sword_exercise_f_nm_np1_le_bad_1,43.62394667675446
BaseballSwingAnalysis_swing_baseball_u_nm_np1_ba_med_0,114.50086391576693
Gum_Chewing_Girl_chew_h_nm_np1_fr_med_2,111.25086998996484
Ninja_Warrior_Ultimate_Push_up_Training_pushup_f_nm_np1_le_goo_2,70.90876257608046
handstand_tutorial___how_to_do_a_handstand_basic_breakdance_handstand_f_nm_np1_ri_med_1,95.87002161673435
LearnToShootFromTheMaster_shoot_ball_f_nm_np1_ba_med_4,100.66494880764068
ReggieMillerTakesonThreeAverageGuysinaShootout_shoot_ball_u_nm_np1_ba_med_11,104.71824244370629
wave_and_say_hi_wave_u_nm_np1_fr_med_0,56.591827833049415
Scott_Can_t_Make_His_Bubblegum_Pop_chew_h_nm_np1_fr_med_0,79.03229776702184
push_ups_pushup_f_nm_np1_ri_goo_2,103.44630936195901
35_pull_ups_pullup_f_nm_np1_fr_goo_1,38.94025363609935
How_To_Pour_Ice_Tea_pour_u_nm_np1_fr_med_2,43.460274223069305
20_good_form_pullups_pullup_f_nm_np1_ri_goo_2,141.18167740105267
50_FIRST_DATES_stand_u_nm_np1_fr_med_8,60.508415226953495
YouTube_smiles!_smile_h_nm_np1_fr_med_16,158.24367681664367
girl_smoking_a_cigarette_smoke_h_nm_np1_fr_med_2,36.11218093917406
DC_Personal_Trainer_-_How_To_Do_A_Push-up_The_RIGHT_Way_pushup_f_nm_np1_ri_goo_0,40.16623897016669
My_Lil__Man_clapping_his_Hands_clap_u_nm_np1_fr_med_1,82.69320083846986
pull_ups_pullup_u_nm_np1_fr_med_5,208.31946131351995
Big_League_Chew_chew_h_nm_np1_fr_goo_0,100.89220556037343
ArcheryFastShooting_shoot_bow_u_nm_np1_fr_med_19,158.62385399770824
boom-snap-clap_clap_u_nm_np1_fr_med_3,40.73425291156915
Shootingattherange_shoot_gun_f_nm_np1_ri_med_0,45.12692186830176
PlayingBasketballGotWater_shoot_ball_f_nm_np1_ba_med_0,107.24988050467385
Best_Of_Skype_Laughter_Chain_laugh_h_nm_np3_fr_med_24,171.0410773863125
boom-snap-clap_clap_u_nm_np1_fr_med_0,86.01895212609816
Chest_workout-_hip_pushups_pushup_u_nm_np1_fr_med_3,125.87354846609992
Sit_ups_and_crunch_situp_f_nm_np1_le_goo_2,36.13166814272576
Lori_Does_Desktop_Pushups_pushup_f_nm_np1_le_goo_2,159.61836893708136
Tiger_Abs_-_Triple_Sit_Ups_situp_f_nm_np1_le_goo_0,130.72455257900043
SoundAndTheStory_turn_f_nm_np1_le_med_2,49.172146880907526
DBK_Custom_Swords_-__Swordless__ScabbardBelt_draw_sword_u_nm_np1_fr_med_0,50.563132895248465
20060723sfjffjewcy_walk_f_nm_np1_fr_med_1,135.34915672122077
Drink_#18_-_Apple_martini_pour_u_nm_np1_fr_goo_2,148.94080933928825
zigarette_rauchen_smoke_h_nm_np1_fr_med_2,90.47872063082431
PlayingBasketballGotWater_shoot_ball_f_nm_np1_ba_med_8,64.04829421454578
blondeandbubbles_chew_h_nm_np1_fr_goo_0,50.39937635351399
Intermidate_to_advanced_abs_situp_f_nm_np1_fr_med_0,116.53633396524074
SMILES_FROM_OFF_THE_ROAD_3_-TRAVELS_WITH_A_HAT_smile_h_nm_np1_fr_goo_3,212.6728309426485
5_Min_Tone_Abs_Workout_2__Fitness_Training_w__Tammy_situp_f_nm_np1_fr_goo_3,123.18379114298358
hittingofftee2_swing_baseball_f_nm_np1_fr_med_2,147.9744767101143
19th_Century_Cavalry_Sabre_Draw_draw_sword_u_nm_np1_fr_bad_1,45.91389390982622
Evian_Masters_Junior_Cup_Highlights_2009_golf_f_nm_np1_ba_goo_2,149.21381862316633
push_ups_pushup_f_nm_np1_ri_goo_0,88.553494082134
BaseballSwingAnalysis_swing_baseball_f_nm_np1_fr_med_12,98.47655865536477
ReggieMillerTakesonThreeAverageGuysinaShootout_shoot_ball_u_nm_np1_ba_med_5,101.46711689668987
ArcheryFastShooting_shoot_bow_u_nm_np1_fr_med_0,250.46792281072828
chewing_gum_1_chew_h_nm_np1_fr_goo_2,115.86385951666041
Compilationknifethrowing_throw_u_nm_np1_ba_med_16,200.40258834224383
Proper_Way_to_Do_Pull_Ups_pullup_u_nm_np1_ri_goo_4,265.5515999072862
KnifeThrowing_throw_f_nm_np1_le_med_1,99.83007544556729
Chest_workout-_hip_pushups_pushup_u_nm_np1_ri_med_2,112.10862416165781
Cuba_Libre_-_Just_do_it_with_Drinkadrink_com_pour_u_nm_np1_fr_goo_0,181.52680450205096
Ukigumo_Kata_from_Hasegawa_Eishin_Ryu_draw_sword_f_nm_np1_fr_med_2,45.397674831532356
DefensivePistolShootingTechniques_shoot_gun_f_nm_np1_fr_med_0,33.027544143408555
SMILES_FROM_OFF_THE_ROAD_3_-TRAVELS_WITH_A_HAT_smile_h_nm_np1_fr_bad_2,73.3495662215385
SoundAndTheStory_turn_u_nm_np1_ba_med_1,115.65835858407438
LearnToShootFromTheMaster_shoot_ball_f_nm_np1_ba_med_1,30.610303666453945
hittingofftee2_swing_baseball_f_nm_np1_fr_med_10,118.62965200012795
How_To_Pour_Ice_Tea_pour_u_nm_np1_fr_med_1,141.18631586068273
100_Second_Handstand_handstand_f_nm_np1_ba_bad_0,103.73231520145895
SE7EN_SMILES_x3_smile_h_nm_np1_fr_med_4,174.7537970250638
How_to_do_a_Cartwheel_cartwheel_f_nm_np1_ri_med_0,110.34708115294235
Tiger_Abs_-_Triple_Sit_Ups_situp_f_nm_np1_le_goo_2,166.46913699986936
Ninja_Warrior_Ultimate_Six_Pack_Abs_Sit_up_Training_situp_f_nm_np1_ri_med_2,118.70913566539512
SMILES_FROM_OFF_THE_ROAD_3_-TRAVELS_WITH_A_HAT_smile_h_nm_np1_fr_goo_0,150.98474519554117
Boom_Snap_Clap_clap_u_nm_np1_fr_med_1,65.47124855882308
hittingofftee2_swing_baseball_f_nm_np1_fr_med_4,131.46923292057664
Compilationknifethrowing_throw_u_nm_np1_ba_med_12,424.41238704630314
DBK_Custom_Swords_-__Swordless__ScabbardBelt_draw_sword_u_nm_np1_fr_med_1,58.20060243289515
How_to_get_a_six_pack_in_3minutes_EXPLOSIVE_RESULTS_IN_YOUR_4_WEEKS_situp_f_nm_np1_ri_med_2,257.0160233322281
MattBolden(hittinginslowmotion)_swing_baseball_f_nm_np1_fr_bad_0,154.87070354129156
Na_Yeon_Choi_practice_1_golf_f_nm_np1_ri_goo_2,67.6184299362855
lol_im_so_weird___BLOWIN_BUBBLE_GUM__oops_i_burped_at_the_end_my_bad_lol_chew_h_nm_np1_fr_med_2,99.10235140937954
Compilationknifethrowing_throw_u_nm_np1_ba_med_10,255.2616284180326
likebeckam_walk_f_nm_np1_ba_med_32,94.10534257247255
Shootingarecurve_shoot_bow_u_nm_np1_fr_med_3,143.54064808690467
Ukigumo_Kata_from_Hasegawa_Eishin_Ryu_draw_sword_f_nm_np1_le_med_3,57.27817482211602
ReggieMillerTakesonThreeAverageGuysinaShootout_shoot_ball_u_nm_np1_ba_med_6,87.29775166016948
100_pullups_pullup_f_nm_np1_fr_med_1,174.74645259213312
ArcheryFastShooting_shoot_bow_u_nm_np1_fr_med_3,232.11199886721823
hittingofftee2_swing_baseball_f_nm_np1_fr_med_6,132.6660471592148
Proper_Way_to_Do_Pull_Ups_pullup_f_nm_np1_ri_goo_0,245.11006811533215
3PointJumpShotPractice-09_21_07_shoot_ball_f_nm_np1_ri_med_1,133.33943331228446
50_FIRST_DATES_sit_f_nm_np1_le_med_4,196.79544540143496
likebeckam_walk_f_nm_np1_fr_med_36,63.35604130224338
How_to_Build_a_Cocktail_pour_u_nm_np1_fr_med_1,208.42057014000585
6arrowswithin30seconds_shoot_bow_f_nm_np1_fr_med_2,178.93884957640847
SchoolRulesHowTheyHelpUs_throw_f_nm_np1_ba_med_3,96.15284192851922
YouTube_smiles!_smile_h_nm_np1_fr_goo_29,205.19095500085936
20_good_form_pullups_pullup_f_nm_np1_ri_goo_1,143.20067091633217
kettlebell_training_for_pack_ABS_-_workout_situp_f_nm_np1_le_goo_1,55.86804179847657
Fun_Chewing_Gum!_chew_h_nm_np1_fr_med_1,83.63511880156544
Personal_Training_Workout_Tips_situp_f_nm_np1_le_goo_0,121.28824907179994
How_to_do_a_Cartwheel_cartwheel_f_nm_np1_le_med_2,143.88685790959548
Panic_in_the_Streets_sit_f_nm_np1_le_med_7,82.4099939938062
35_pull_ups_pullup_f_nm_np1_fr_goo_2,38.3926399926704
Yoga_teachers_practice_handstand_and_backbend_variations_handstand_f_nm_np1_ri_med_1,24.98127122602315
Clay_sBasketballSkillz_shoot_ball_f_nm_np1_ba_med_5,183.03393873025755
ReggieMillerTakesonThreeAverageGuysinaShootout_shoot_ball_u_nm_np1_ba_med_7,94.42570231716618
pull_ups_pullup_u_nm_np1_ba_med_0,275.2425170812496
Evian_Masters_Junior_Cup_Highlights_2009_golf_f_nm_np1_ba_goo_0,190.27997306493018
Clay_sBasketballSkillz_pick_f_nm_np1_ri_med_8,171.0531697927836
Best_Of_Skype_Laughter_Chain_laugh_h_nm_np1_fr_med_11,153.40938573893138
SocialSeminarBunny_drink_h_nm_np1_le_med_0,120.700622684036
Takeda_Ryu_Iaido_draw_sword_f_nm_np1_ri_med_4,166.6961981333687
AgriculturalAviation_walk_f_nm_np1_le_med_1,313.95331332204273
3PointJumpShotPractice-09_21_07_shoot_ball_f_nm_np1_ri_med_0,115.80732833981767
Gum_Chewing_Girl_chew_h_nm_np1_fr_med_1,90.7821042182226
Weird_Laugh_laugh_h_nm_np1_fr_goo_0,148.03755852544577
Raito_Kata_from_Shindo_Munen_Ryu_Instructional_Video_draw_sword_f_nm_np1_fr_med_0,164.50282118861264
Me_chewing_hubba_bubba_bubble_gum_chew_h_nm_np1_fr_bad_0,153.54146178505923
Mark_Pfeltz_Sets_World_Record_For_sit_ups_situp_f_nm_np1_fr_bad_3,64.94611306077124
TiffanywithSpringfieldArmoryXD9_shoot_gun_u_nm_np1_ri_med_0,256.18227251396127
MeShootin2_shoot_gun_u_nm_np1_ri_med_2,91.2237027095378
Iaido_13_katas_draw_sword_f_nm_np1_le_med_5,27.844297952693598
How_to_smoke_smoke_h_nm_np1_fr_goo_0,56.77390794195119
SafeInPort_pick_f_nm_np1_fr_med_1,176.04706726314635
Panic_in_the_Streets_walk_u_nm_np1_fr_med_4,90.2415313503129
golf_golf_f_nm_np1_ri_goo_0,153.37782507338443
Gum_Chewing_Girl_chew_h_nm_np1_fr_med_0,124.27298191330331
Push_Up_Workout_--_Do_100_Total_Pushups_In_A_Row_pushup_f_nm_np1_le_med_2,183.1447131415478
ReggieMillerTakesonThreeAverageGuysinaShootout_shoot_ball_u_nm_np1_ba_med_17,63.090967777084984
ReggieMillerTakesonThreeAverageGuysinaShootout_shoot_ball_u_nm_np1_ba_med_4,120.98156668973274
After_work_smoke_in_the_garage_smoke_h_nm_np1_fr_bad_0,27.857000550241843
KnifeThrowing_throw_f_nm_np1_le_med_2,110.55225523062711
50_FIRST_DATES_run_f_nm_np1_ba_med_20,95.27352577389811
Takeda_Ryu_Iaido_sword_f_nm_np2_le_med_0,329.1621266888303
10_Pull_Ups_pullup_f_nm_np1_fr_goo_2,125.56080981178879
that70_sshowslowclap_clap_u_nm_np1_fr_med_0,37.45233570764909
Incline_Dumbell_Situps_45lbs_2ndxpr_25x_situp_f_nm_np1_ri_med_2,353.82821643878054
Chest_workout-_hip_pushups_pushup_u_nm_np1_fr_med_4,133.70647049624804
Takeda_Ryu_Iaido_draw_sword_f_nm_np1_fr_med_2,185.10631273915612
100_push_ups_pushup_f_nm_np1_ri_med_2,155.709170129587
20_good_form_pullups_pullup_f_nm_np1_ri_goo_0,149.79338721222862
Drink_#18_-_Apple_martini_pour_u_nm_np1_fr_goo_0,157.55915379117675
Clay_sBasketballSkillz_shoot_ball_f_nm_np1_ba_med_4,108.67230086137027
Mark_Pfeltz_Sets_World_Record_For_sit_ups_situp_f_nm_np1_ri_bad_1,94.87612007469089
SMILES_FROM_OFF_THE_ROAD_2_-TREASURING_THE_GIRLCHILD_smile_h_nm_np1_fr_med_0,163.7597673242444
100_push_ups_pushup_f_nm_np1_ri_med_1,197.19859168216735
Massive_Bubble_Gum_Bubble_chew_h_nm_np1_le_goo_1,21.7330587090616
Best_Of_Skype_Laughter_Chain_laugh_h_nm_np2_le_med_21,130.81063801197647
Iaido_video_instruction_series_Wehrhahn_Sensei_draw_sword_f_nm_np1_le_med_5,83.3746672255708
CSU_Cesar_Chavez_Day_Celebration_and_Award_Ceremony_2009_Part_7_shake_hands_f_nm_np2_le_med_1,72.49929692898202
100_push_ups_pushup_f_nm_np1_ri_med_0,103.60182601990338
BaseballPitchingtarget_BaseballPitchingCage_throw_u_nm_np1_ba_med_0,106.59311448169117
Gymnastic_handstand_handstand_f_nm_np1_le_med_2,169.6100243436018
PlayingBasketball_shoot_ball_f_nm_np1_ri_med_1,72.44250895553321
10YearOldYouthBasketballStarBaller_shoot_ball_f_nm_np1_ba_med_11,88.01127312079201
Panic_in_the_Streets_walk_u_nm_np1_fr_bad_10,19.95733840411581
Iaido_13_katas_draw_sword_f_nm_np1_fr_med_7,41.42789055413927
Iaido_13_katas_draw_sword_f_nm_np1_fr_med_9,17.002868544100906
Compilationknifethrowing_throw_u_nm_np1_ba_med_4,211.5894252009292
6arrowswithin30seconds_shoot_bow_f_nm_np1_fr_med_1,195.66133248619923
Wanda_Su_and_niece__T__blowing_bubbles_chew_u_nm_np2_fr_med_2,95.00466598746706
Abs__Situps__Crunches_situp_u_nm_np3_ri_goo_6,112.90085321047111
ArcheryFastShooting_shoot_bow_u_nm_np1_fr_med_21,154.0017316108426
Takeda_Ryu_Iaido_sword_f_nm_np1_fr_med_7,276.67575827081214
Rauchen_f_r_Anf_nger_smoke_h_nm_np1_fr_med_2,19.617463171036277
Sexy_girl_on_the_bed_teasing_chew_u_nm_np1_fr_med_0,41.43181757845505
Abs__Situps__Crunches_situp_u_nm_np3_ri_goo_5,29.176750507746984
amazingballthrowingtricks_throw_f_nm_np1_ri_med_0,197.52831964299384
PlayingBasketball_dribble_f_nm_np1_le_med_4,55.52336851056042
Compilationknifethrowing_throw_u_nm_np1_ba_med_7,209.53447723216937
3PointJumpShotPractice-09_21_07_shoot_ball_f_nm_np1_ri_med_4,68.57526310729097
Rum_Mixed_Drinks-_Part_4_-_How_to_Make_the_Cuba_Libre_Mixed_Drink_pour_u_nm_np1_fr_goo_1,139.67425941673633
ReggieMillerTakesonThreeAverageGuysinaShootout_shoot_ball_u_nm_np1_ba_med_16,65.51819902239399
Long_Handstand_-_Two_Minutes_handstand_f_nm_np1_ri_med_0,40.729628609803854
Chris_Comfort_s_Push_Up_Workout_Part_I_pushup_f_nm_np1_ri_goo_0,86.57454133399607
TanyaShooting_shoot_gun_u_nm_np1_ri_med_3,115.62924608242346
50_pull_ups_made_in_germany_pullup_f_nm_np1_le_med_1,57.51092538701238
Wanda_Su_and_niece__T__blowing_bubbles_chew_u_nm_np2_le_med_3,171.90615123186194
Best_Kisses_in_TV_Movies_1_3_kiss_h_nm_np2_le_goo_7,15.448003919696003
Learn_How_to_do_a_Handstand_handstand_f_nm_np1_ri_med_1,84.5379443523229
Mark_Pfeltz_Sets_World_Record_For_sit_ups_situp_f_nm_np1_fr_bad_2,35.68072122832426
YouTube_smiles!_smile_h_nm_np1_fr_med_32,204.23976009629718
pseudo_planche_pushups_pushup_u_nm_np1_ri_bad_2,196.95653622178597
hittingofftee2_swing_baseball_f_nm_np1_fr_med_7,133.59424165076427
Iaido_13_katas_sword_exercise_f_nm_np1_fr_bad_4,71.0654734595465
ReggieMillerTakesonThreeAverageGuysinaShootout_shoot_ball_u_nm_np1_ba_med_0,133.7150098743199
Get_six_pack_abs_in_6_minutes_on_your_couch__This_Works!_situp_f_nm_np1_ba_med_1,66.80446730717664
Waschbrettbauch_I-__bung_von_fitness_com_situp_f_nm_np1_ba_goo_1,60.88475876201474
best_laugh_attack_ever!_laugh_h_nm_np1_fr_goo_1,71.21768782147342
Best_Of_Skype_Laughter_Chain_laugh_h_nm_np2_le_med_22,101.59614394841407
PlayingBasketball_shoot_ball_f_nm_np1_ri_med_2,69.08128920727518
100_push_ups_by_a_GIRL!!!_pushup_f_nm_np1_fr_goo_1,172.22161068177547
ArcheryFastShooting_shoot_bow_u_nm_np1_fr_med_10,204.51103285398798
brushing_hair_brush_hair_f_nm_np2_ri_goo_3,76.00861632046768
MeShootin2_shoot_gun_u_nm_np1_ri_med_1,100.73292288785109
NH-__Open_Carry_Litter_Pickup_in__troubled__neighborhood_pick_f_nm_np1_le_med_0,335.6733394663471
Video_Bartending_Guide_-_Kamikaze_Shot_Recipe_-_Vodka_Shots_pour_u_nm_np1_fr_med_1,217.23976526364143
Hand_Stand_Push_Ups_handstand_f_nm_np1_ba_med_0,30.780206873188778
Iaido_13_katas_draw_sword_f_nm_np1_ba_med_2,87.39909233326091
Spirit_Pouring_pour_u_nm_np1_fr_goo_1,153.4377835827385
Bubble_Gum_Club_2_chew_h_nm_np2_fr_med_1,47.85348760284283
ReggieMillerTakesonThreeAverageGuysinaShootout_shoot_ball_u_nm_np1_ba_med_13,83.69122986846219
ReggieMillerTakesonThreeAverageGuysinaShootout_shoot_ball_u_nm_np1_ba_med_18,139.0218750477939
Compilationknifethrowing_throw_u_nm_np1_ba_med_2,99.8705196149017
Clay_sBasketballSkillz_shoot_ball_f_nm_np1_ba_med_13,219.01147267940956
FirearmsTraining_shoot_gun_u_nm_np1_ri_med_3,59.327349610292515
boom_snap_clap_(challenge)_HARDCORE_VERSION!_clap_u_nm_np1_fr_bad_0,65.40333947703658
chewing_gum_1_chew_h_nm_np1_fr_goo_1,79.26557602399821
SMILES_FROM_OFF_THE_ROAD_3_-TRAVELS_WITH_A_HAT_smile_h_nm_np1_fr_med_5,227.97127148771867
Fun_Chewing_Gum!_chew_h_nm_np2_fr_med_3,112.39662565294354
ReggieMillerTakesonThreeAverageGuysinaShootout_shoot_ball_u_nm_np1_ba_med_2,64.54803362855584
Iaido_13_katas_sword_exercise_f_nm_np1_fr_bad_3,19.359949882052334
SAFE_NO-WALL_HANDSTAND_ESCAPE_PLAN_handstand_f_nm_np1_ri_med_1,129.198738294711
Intermidate_to_advanced_abs_situp_f_nm_np1_fr_med_2,68.24793874097023
Best_Of_Skype_Laughter_Chain_laugh_h_nm_np1_fr_med_27,291.4876652018161
Fun_Chewing_Gum!_chew_h_nm_np1_fr_med_2,78.84358664791432
Raito_Kata_from_Shindo_Munen_Ryu_Instructional_Video_draw_sword_f_nm_np1_fr_med_1,118.23648543891387
So_turnt_man_richtig!!!_handstand_f_nm_np1_fr_med_3,94.13876595439359
Chris_Comfort_s_Push_Up_Workout_Part_I_pushup_f_nm_np1_ri_goo_2,76.0819074824333
ArcheryFastShooting_shoot_bow_u_nm_np1_fr_med_8,222.0739257185435
Re-_Show_your_Smile!_10_smile_h_nm_np1_fr_goo_0,120.50926706308324
Best_Of_Skype_Laughter_Chain_laugh_h_nm_np4_fr_bad_28,231.16883198945445
brush_my_hair_without_wearing_the_glasses_brush_hair_u_nm_np1_fr_goo_1,120.359451762265
Shootingarecurve_shoot_bow_u_nm_np1_fr_med_2,171.74677061005482
Personal_Training_Workout_Tips_situp_f_nm_np1_le_goo_1,125.52844499733344
ChelseaLately-Chelsea_ride_horse_u_nm_np1_ba_med_1,157.5874999810544
Brushing_my_Long_Hair__February_2009_brush_hair_u_nm_np1_fr_goo_0,123.5432664966309
PlayingBasketball_shoot_ball_f_nm_np1_ba_med_7,51.055432250813716
AgriculturalAviation_walk_f_nm_np1_le_med_0,251.9421716817475
6arrowswithin30seconds_shoot_bow_f_nm_np1_fr_med_3,182.00965325733986
100_pullups_pullup_f_nm_np1_fr_med_2,190.51614127309261
SMILES_FROM_OFF_THE_ROAD_3_-TRAVELS_WITH_A_HAT_smile_h_nm_np1_fr_med_4,50.75018843789242
Takeda_Ryu_Iaido_draw_sword_f_nm_np1_fr_med_6,229.40840446999624
Kamikaze_Martini_Coctail_pour_u_nm_np1_fr_med_0,93.54377061854456
Get_six_pack_abs_in_6_minutes_on_your_couch__This_Works!_situp_f_nm_np1_ba_med_2,125.9833424086896
girl_smoking_a_cigarette_smoke_h_nm_np1_fr_med_1,34.352954259652385
Na_Yeon_Choi_practice_1_golf_f_nm_np1_ri_goo_0,62.738698246595995
10YearOldYouthBasketballStarBaller_shoot_ball_f_nm_np1_ba_med_12,105.63456243053133
DBK_Custom_Swords_-__Swordless__ScabbardBelt_draw_sword_u_nm_np1_fr_med_2,72.118141425718
AdamandAlvonplayingbasketball1_shoot_ball_f_nm_np1_ba_med_11,59.290623049233794
KnifeThrowing_throw_f_nm_np1_le_med_3,127.83167703631594
TiffanywithSpringfieldArmoryXD9_shoot_gun_u_nm_np1_ri_med_1,298.26997161264273
CSU_Cesar_Chavez_Day_Celebration_and_Award_Ceremony_2009_Part_7_shake_hands_f_nm_np2_le_med_2,105.61203866638645
SchoolRulesHowTheyHelpUs_stand_u_nm_np1_fr_med_1,178.8614996490064
Random_Pull_Up_Exercises_pullup_f_nm_np1_ba_med_0,185.9643975932356
100_push_ups_by_a_GIRL!!!_pushup_f_nm_np1_fr_goo_2,177.05359462710308
SMILES_FROM_OFF_THE_ROAD_2_-TREASURING_THE_GIRLCHILD_smile_h_nm_np1_fr_goo_2,551.9290918706022
Anna_Rawson_Driver_Practice_golf_f_nm_np1_ri_bad_0,97.27740704154661
Clay_sBasketballSkillz_shoot_ball_u_nm_np1_ba_med_12,185.58493651152313
Waschbrettbauch_I-__bung_von_fitness_com_situp_f_nm_np1_ba_goo_0,132.13184157987436
Iaido_13_katas_sword_exercise_f_nm_np1_ba_bad_11,16.414442186409573
ArcheryFastShooting_shoot_bow_u_nm_np1_fr_med_23,160.76874323886142
Drawing_and_Resheathing_the_Japanese_Sword_draw_sword_u_nm_np1_le_med_0,82.20286653388472
Drawing_and_Resheathing_the_Japanese_Sword_draw_sword_u_nm_np1_le_med_1,75.85389510783496
103_years_old_japanese_woman__Nao_is_clapping_with_piano_music_by_beethoven_clap_u_nm_np1_fr_med_0,151.4485245022591
PlayingBasketballGotWater_dribble_f_nm_np1_ba_med_7,74.03508577189396
_Boom_Snap_Clap__challenge_clap_u_nm_np1_fr_med_1,77.08867474840292
SchoolRulesHowTheyHelpUs_turn_u_nm_np1_ri_med_4,107.5634038363919
Compilationknifethrowing_throw_u_nm_np1_ba_med_19,209.24829137254864
Fastestguninthewest_shoot_gun_f_nm_np1_ri_med_0,211.9682059954855
Yoga_teachers_practice_handstand_and_backbend_variations_handstand_f_nm_np1_fr_med_3,82.73428165985489
Drawing_and_Resheathing_the_Japanese_Sword_draw_sword_u_nm_np1_le_med_2,79.29730746724468
brushing_hair_brush_hair_f_nm_np2_ba_goo_2,69.31081460369461
Spirit_Pouring_pour_u_nm_np1_fr_goo_2,172.3773723216558
GardenWiseB256kb_pick_f_nm_np1_le_med_0,61.961195106630015
YouTube_smiles!_smile_h_nm_np1_fr_med_17,119.7463762841342
Sit_ups_and_crunch_situp_f_nm_np1_le_goo_1,46.563714137732944
Hittingadouble(BXbaseball)_swing_baseball_f_nm_np1_ba_bad_2,82.67500045312214
Sexy_girl_on_the_bed_teasing_chew_u_nm_np1_fr_med_1,38.94218936333098
Fun_Chewing_Gum!_chew_h_nm_np1_fr_med_0,109.58835442562889
OldSchool_drink_h_nm_np1_fr_goo_4,68.20570403885833
smile_collection_7_smile_h_nm_np1_fr_goo_1,242.3159276514312
Random_Pull_Up_Exercises_pullup_f_nm_np1_ba_med_1,194.25257078203197
ReggieMillerTakesonThreeAverageGuysinaShootout_shoot_ball_u_nm_np1_ba_med_3,65.67079469488303
Chanta!____THAT_IS_long_blonde_hair!_brush_hair_u_nm_np1_ri_goo_3,61.47408226506462
5_Min_Tone_Abs_Workout_2__Fitness_Training_w__Tammy_situp_f_nm_np1_fr_goo_2,136.94817995716983
Abs__Situps__Crunches_situp_u_nm_np3_ri_goo_4,99.7942559812587
Best_Of_Skype_Laughter_Chain_laugh_h_nm_np1_fr_med_3,155.26204392661882
SoundAndTheStory_pick_u_nm_np1_le_med_3,75.84515847399983
20060723sfjffsomelikeitwarmed_sit_u_nm_np1_fr_goo_1,73.69172975144852
Drawing_Katana_from_Back_draw_sword_u_nm_np1_fr_med_0,74.5774844442355
Golf_Tips_-_Hit_The_Driver_300+_Yards!!!_golf_f_nm_np1_fr_med_0,63.9238129672247
ArcheryFastShooting_shoot_bow_u_nm_np1_fr_med_9,223.2104355432051
ArcheryFastShooting_shoot_bow_u_nm_np1_fr_med_12,130.05867991639553
ArcheryFastShooting_shoot_bow_u_nm_np1_fr_med_20,233.83568122586377
Iaido_13_katas_draw_sword_f_nm_np1_fr_med_0,23.570984406655192
hittingofftee2_swing_baseball_f_nm_np1_fr_med_11,122.47539508597785
BaseballSwingAnalysis_swing_baseball_f_nm_np1_fr_med_8,133.64395556466812
PlayingBasketballGotWater_shoot_ball_f_nm_np1_ri_med_2,114.26966465095768
35_pull_ups_pullup_f_nm_np1_fr_goo_0,49.44211248851329
Best_Of_Skype_Laughter_Chain_laugh_h_nm_np1_fr_goo_8,426.13758969149245
Skype_Laughter_Chain_reaction_1_laugh_f_nm_np3_fr_med_1,90.01981190395264
3PointJumpShotPractice-09_21_07_shoot_ball_f_nm_np1_ri_med_5,112.9702760686398
19th_Century_Cavalry_Sabre_Draw_draw_sword_u_nm_np1_fr_bad_0,72.84985580078323
Sit_ups_situp_f_nm_np1_ri_goo_2,193.67069792290977
handstand_tutorial___how_to_do_a_handstand_basic_breakdance_handstand_f_nm_np1_ri_med_2,395.46022193153794
New_Orleans__best_cocktails-_Hot_Buttered_Rum_pour_u_nm_np1_fr_med_0,95.84703278221937
ArcheryFastShooting_shoot_bow_u_nm_np1_fr_med_4,223.40217283964222
Narcotic1967256kb_climb_stairs_f_nm_np1_ba_med_0,136.84291916822065
Best_Of_Skype_Laughter_Chain_laugh_h_nm_np1_fr_goo_15,125.24888512891714
Panic_in_the_Streets_stand_f_nm_np1_fr_med_8,44.22606570592109
SE7EN_SMILES_x3_smile_h_nm_np1_fr_med_2,260.29516834075514
pull_ups_pullup_u_nm_np1_fr_med_3,229.84120211190444
Raito_Kata_from_Shindo_Munen_Ryu_Instructional_Video_draw_sword_f_nm_np1_le_med_2,138.6286646938966
Bubble_blowing_3!_chew_h_nm_np1_le_bad_2,50.80821638226525
chewing_gum_1_chew_h_nm_np1_fr_goo_0,126.38908544738206
Cachaca_cocktails_pour_u_nm_np1_fr_med_1,175.4177882265283
Re-_Show_your_Smile!_3_smile_h_nm_np1_fr_goo_0,189.68390324026893
long_hair_Christa__brush_hair_u_nm_np1_le_goo_0,85.3864034119919
YouTube_smiles!_smile_h_nm_np1_fr_med_11,192.9081851651306
How_to_smoke_smoke_h_nm_np1_fr_goo_1,83.74152961456704
Jeff_Ritter_-_Power_Drill_golf_f_nm_np1_ri_med_0,53.959677639839576
Re-_Show_your_Smile!_1_smile_h_nm_np1_fr_goo_0,72.57490679676494
Brushing_my_Long_Hair__February_2009_brush_hair_u_nm_np1_ba_goo_1,67.79544884908927
Laughing_Girl_smoke_u_nm_np1_ri_goo_0,87.12509784526837
hittingofftee2_swing_baseball_f_nm_np1_fr_med_0,182.31756457488297
Bubble_blowing_3!_chew_h_nm_np1_le_bad_0,150.34248536057237
So_turnt_man_richtig!!!_handstand_f_nm_np1_fr_med_4,88.8409835849584
YouTube_smiles!_smile_h_nm_np1_fr_bad_27,115.25185741125826
Dollar_Prank_at_the_Rivertown_Mall_pick_f_nm_np1_fr_med_3,182.13529321554745
Push_Up_Workout_--_Do_100_Total_Pushups_In_A_Row_pushup_f_nm_np1_le_med_1,187.92654197814437
New_Orleans__best_cocktails-_Hot_Buttered_Rum_pour_u_nm_np1_fr_med_1,76.73244179142148
BaseballSwingAnalysis_swing_baseball_u_nm_np1_fr_med_10,114.96554384943398
laugh__about_skype_laughter_chain_laugh_u_nm_np2_fr_med_1,191.59730177148992
Jeff_Ritter_-_The_Transition_golf_f_nm_np1_ri_med_0,46.44093013839713
Evian_Masters_Junior_Cup_Highlights_2009_golf_f_nm_np1_le_goo_4,162.4436787924219
10YearOldYouthBasketballStarBaller_dribble_f_nm_np1_ba_med_17,39.453786549798124
ArcheryFastShooting_shoot_bow_u_nm_np1_fr_med_2,234.92243710926118
YouTube_smiles!_smile_h_nm_np1_fr_med_36,186.72581162492034
Clay_sBasketballSkillz_shoot_ball_f_nm_np1_ba_med_7,220.7163224525624
boom_snap_clap_(challenge)_HARDCORE_VERSION!_clap_u_nm_np1_fr_bad_1,54.28249119619412
So_turnt_man_richtig!!!_handstand_f_nm_np1_fr_med_2,101.90833440423584
golf_golf_f_nm_np1_ri_goo_1,88.28938130949251
Re-_Show_your_Smile!_8_smile_h_nm_np1_fr_goo_0,87.14210243699189
Clay_sBasketballSkillz_shoot_ball_u_nm_np1_ba_med_17,201.2677460441088
push_ups_pushup_f_nm_np1_ri_goo_1,139.01005532943478
Ninja_Warrior_Ultimate_Push_up_Training_pushup_f_nm_np1_le_goo_1,69.56175691261689
ArcheryFastShooting_shoot_bow_u_nm_np1_fr_med_1,242.84056346295884
pseudo_planche_pushups_pushup_u_nm_np1_ri_bad_0,197.41889652754898
Bubble_blowing_3!_chew_h_nm_np1_le_bad_1,95.89238646750616
20060723sfjffjewcy_walk_f_nm_np1_fr_med_0,147.777054602095
Scott_Can_t_Make_His_Bubblegum_Pop_chew_h_nm_np1_fr_med_1,162.4162064058101
FirearmsTraining_shoot_gun_f_nm_np2_le_med_10,41.70515957887697
Na_Yeon_Choi_practice_1_golf_f_nm_np1_ri_goo_1,83.46105529935907
Skype_Laughter_by_Hungary_laugh_h_nm_np2_fr_goo_0,89.62437978734461
ArcheryFastShooting_shoot_bow_u_nm_np1_fr_med_11,183.74505011424716
My_First_Hefeweizen_pour_u_nm_np1_ri_med_1,134.0793260783379
Best_Of_Skype_Laughter_Chain_laugh_h_nm_np2_fr_med_19,207.23179724206537
5_Min_Tone_Abs_Workout_2__Fitness_Training_w__Tammy_situp_f_nm_np1_le_goo_1,67.2172441346959
Shootingarecurve_shoot_bow_u_nm_np1_fr_med_0,193.04023707454763
pull_ups_pullup_u_nm_np1_fr_med_4,205.83771475423129
Sit_ups_situp_f_nm_np1_ri_goo_0,339.43043795028007
YouTube_smiles!_smile_h_nm_np1_fr_goo_1,124.73547013306377
Best_Of_Skype_Laughter_Chain_laugh_h_nm_np1_fr_bad_4,160.3713175247114
KnifeThrowing_throw_f_nm_np1_le_med_0,115.33970670398995
10YearOldYouthBasketballStarBaller_shoot_ball_f_nm_np1_ri_med_15,89.44050651635601
ALeapToFreedom_ride_horse_f_nm_np1_ri_med_0,94.5725400936537
showyoursmile_smile_h_nm_np1_fr_goo_0,124.42221894894757
Best_Of_Skype_Laughter_Chain_laugh_h_nm_np4_fr_med_25,198.00743610407636
Chris_Comfort_s_Push_Up_Workout_Part_I_pushup_f_nm_np1_ri_goo_1,72.93062200966945
americanthrift2_pick_u_nm_np1_ri_med_2,73.48578839626632
3PointJumpShotPractice-09_21_07_shoot_ball_f_nm_np1_ri_med_6,140.96474414874316
Best_Of_Skype_Laughter_Chain_laugh_h_nm_np1_fr_goo_14,177.30685108770695
LearnToShootFromTheMaster_shoot_ball_f_nm_np1_ba_med_2,101.0009032248111
6arrowswithin30seconds_shoot_bow_f_nm_np1_fr_med_0,200.01860825485022
BaseballSwingAnalysis_swing_baseball_u_nm_np1_ba_med_2,104.78419923629467
brushing_hair_brush_hair_f_nm_np2_ba_goo_4,85.1161478689179
Rauchen_f_r_Anf_nger_smoke_h_nm_np1_fr_med_1,45.05980756150968
Compilationknifethrowing_throw_u_nm_np1_ba_med_1,102.93326092431701
ArcheryFastShooting_shoot_bow_u_nm_np1_fr_med_16,246.69260225850718
My_Lil__Man_clapping_his_Hands_clap_u_nm_np1_fr_goo_0,90.18007130537617
Best_Of_Skype_Laughter_Chain_laugh_h_nm_np3_fr_goo_6,171.608327726554
BaseballSwingAnalysis_swing_baseball_u_nm_np1_fr_med_13,138.2998485321242
Compilationknifethrowing_throw_u_nm_np1_ba_med_18,207.80690935143934
The_Pomegranate_Martini_pour_u_nm_np1_fr_med_0,146.46969957075567
ReggieMillerTakesonThreeAverageGuysinaShootout_shoot_ball_u_nm_np1_ba_med_1,109.33987877322488
Takeda_Ryu_Iaido_sword_f_nm_np1_le_med_5,167.5109051346493
Best_Kisses_in_TV_Movies_1_3_kiss_h_nm_np2_le_goo_0,27.09215145033818
#122_Cleaning_Up_The_Beach_In_Chiba__Japan_pick_f_nm_np1_ri_bad_0,55.090616589781334
LearnToShootFromTheMaster_shoot_ball_f_nm_np1_ba_med_3,53.879186057589564
golf_golf_f_nm_np1_ri_goo_2,309.0834909840209
How_to_get_a_six_pack_in_3minutes_EXPLOSIVE_RESULTS_IN_YOUR_4_WEEKS_situp_f_nm_np1_ri_med_1,245.95112819845517
Iaido_13_katas_sword_exercise_f_nm_np1_fr_bad_13,34.596852784060616
Alban_Hayoz_solo_climb_(klettern)_climb_f_nm_np1_ba_med_1,115.62740458284983
Double_bubble_in_one_big_bubble_-D_chew_h_nm_np1_fr_goo_1,72.33846708648265
Best_Of_Skype_Laughter_Chain_laugh_h_nm_np1_fr_med_23,213.98009324863114
Ninja_(samurai_sword)_draw_sword_u_nm_np1_fr_med_0,50.580127478344984
Clay_sBasketballSkillz_dribble_f_nm_np1_le_med_1,178.81357984027963
Wanda_Su_and_niece__T__blowing_bubbles_chew_u_nm_np2_fr_med_1,89.05766207197121
blondeandbubbles_chew_h_nm_np1_fr_goo_1,25.398987129987493
likebeckam_stand_f_nm_np1_fr_med_7,110.11307843979033
Raito_Kata_from_Shindo_Munen_Ryu_Instructional_Video_draw_sword_f_nm_np1_le_med_3,130.83927139469284
TanyaShooting_shoot_gun_u_nm_np1_ri_med_4,160.89006756435467
PlayingBasketball_shoot_ball_f_nm_np1_ri_med_5,57.39435125707072
Shootingarecurve_shoot_bow_u_nm_np1_fr_med_1,165.30075035003708
BaseballSwingAnalysis_swing_baseball_f_nm_np1_fr_med_9,101.54244280279505
Clay_sBasketballSkillz_shoot_ball_u_nm_np1_ba_med_9,143.1276397221725
Knifethrowing4knivestogethernospin_throw_u_nm_np1_ba_med_0,194.95777841537802
youtube_smile_response_smile_h_nm_np1_fr_goo_0,84.90870195696546
Evian_Masters_Junior_Cup_Highlights_2009_golf_f_nm_np1_ri_goo_3,149.32331420275045
10_Pull_Ups_pullup_f_nm_np1_fr_goo_0,123.27408775140664
Mr__Bubblegum_chew_h_nm_np1_fr_med_2,60.67975433276803
ArcheryFastShooting_shoot_bow_u_nm_np1_fr_med_22,145.50460859912346
BaseballSwingAnalysis_swing_baseball_f_nm_np1_fr_med_11,84.17321098254953
Dollar_Prank_at_the_Rivertown_Mall_pick_f_nm_np1_fr_med_1,156.18929672951364
TVs_Best_Kisses_Top_50_(52_to_41)_kiss_h_nm_np2_le_goo_2,16.560917374205648
My_smileEh_smile_h_nm_np1_fr_goo_0,94.68596888609919
SE7EN_SMILES_x3_smile_h_nm_np1_fr_med_6,123.4706922415595
Scott_Can_t_Make_His_Bubblegum_Pop_chew_h_nm_np1_fr_med_2,141.73882091956426
10_Pull_Ups_pullup_f_nm_np1_fr_goo_1,136.6401141604884
How_to_Build_a_Cocktail_pour_u_nm_np1_fr_med_0,220.52020536966785
handstand_tutorial___how_to_do_a_handstand_basic_breakdance_handstand_f_nm_np1_ri_med_0,283.1030074208324
Rum_Mixed_Drinks-_Part_4_-_How_to_Make_the_Cuba_Libre_Mixed_Drink_pour_u_nm_np1_fr_goo_0,127.10651230374297
ArcheryFastShooting_shoot_bow_u_nm_np1_fr_med_18,179.1277155868467
SE7EN_SMILES_x3_smile_h_nm_np1_fr_bad_7,60.5552844581083
Cachaca_cocktails_pour_u_nm_np1_fr_med_0,171.6305627996493
Bubble_Blowing_Bubble_Gum_chew_h_nm_np1_fr_bad_2,115.69457798040571
Compilationknifethrowing_throw_u_nm_np1_ba_med_14,300.10722375117075
Ninja_Warrior_Ultimate_Push_up_Training_pushup_f_nm_np1_le_goo_0,70.63569460132136
Push_Up_Battle_pushup_u_nm_np2_le_bad_0,92.21569588714232
Just_Say_NO_to_AQUA_DOTS!_climb_stairs_l_nm_np1_ba_med_0,87.43157875853379
Compilationknifethrowing_throw_u_nm_np1_ba_med_3,84.18311621884047
Kamikaze_Martini_Coctail_pour_u_nm_np1_fr_med_1,226.8921326284422
Wanda_Su_and_niece__T__blowing_bubbles_chew_u_nm_np2_fr_med_0,113.35393589712552
Compilationknifethrowing_throw_u_nm_np1_ba_med_6,219.44134275559742
Gymnastic_handstand_handstand_f_nm_np1_ri_med_0,167.68426780032436
Clay_sBasketballSkillz_dribble_f_nm_np1_fr_med_18,136.53630343802996
Me_chewing_hubba_bubba_bubble_gum_chew_h_nm_np1_fr_bad_2,98.42254695694598
Bubble_Blowing_Bubble_Gum_chew_h_nm_np1_fr_bad_1,167.3231069303539
Mark_Pfeltz_Sets_World_Record_For_sit_ups_situp_f_nm_np1_fr_bad_4,91.86281202692602
Push_Ups_1_pushup_f_nm_np1_le_med_0,115.34455695643145
Ukigumo_Kata_from_Hasegawa_Eishin_Ryu_draw_sword_f_nm_np1_le_med_1,52.971581967612025
Boom__Snap__Clap!_(Challenge)_clap_u_nm_np1_fr_med_0,53.81614936043195
Me_chewing_hubba_bubba_bubble_gum_chew_h_nm_np1_fr_bad_1,89.42172671464081
Boom__Snap__Clap!_(Challenge)_clap_u_nm_np1_fr_med_1,94.63093803165802
kettlebell_training_for_pack_ABS_-_workout_situp_f_nm_np1_le_goo_0,65.15092380426483
SafeInPort_climb_f_nm_np1_ba_med_0,42.979261950946814
Best_Of_Skype_Laughter_Chain_laugh_h_nm_np1_fr_med_18,120.2530102555138
Random_Pull_Up_Exercises_pullup_f_nm_np1_fr_med_3,130.6073763705525
TiffanywithSpringfieldArmoryXD9_shoot_gun_u_nm_np1_ri_med_2,323.5907857798491
ArcheryFastShooting_shoot_bow_u_nm_np1_fr_med_14,207.9141692442214
ReggieMillerTakesonThreeAverageGuysinaShootout_shoot_ball_u_nm_np1_ba_med_19,153.99710288713692
6arrowswithin30seconds_shoot_bow_f_nm_np1_fr_med_4,200.33224663382157
OldSchool_drink_u_nm_np1_ri_goo_5,42.31078734623772
Brushing_Hair_with_Beth_brush_hair_u_nm_np1_fr_goo_1,164.165714401614
ALeapToFreedom_ride_horse_f_nm_np1_ba_med_1,121.23435488446736
Random_Pull_Up_Exercises_pullup_f_nm_np1_fr_med_2,171.168791844916
Show_Your_Smile_-)_1_smile_h_nm_np1_fr_goo_0,342.18241560496267
smoking_smoking_-_tricks!_smoke_h_nm_np1_fr_goo_0,37.993047567126204
FirearmsTraining_shoot_gun_u_nm_np1_ri_med_4,70.22186673762896
3PointJumpShotPractice-09_21_07_shoot_ball_f_nm_np1_ri_med_3,71.49428568127226
hittingofftee2_swing_baseball_f_nm_np1_fr_med_3,136.7496858483461
Silky_Straight_Hair_Original_brush_hair_h_nm_np1_ba_goo_1,64.50568975866815
nice_smoking_girl_smoke_h_nm_np1_le_med_0,66.86015530850528
5_Min_Tone_Abs_Workout_2__Fitness_Training_w__Tammy_situp_f_nm_np1_fr_goo_4,120.27536592788773
HowtoswingaBaseballbat_swing_baseball_f_nm_np1_le_bad_1,64.82772163867153
Alex_applauding_himself_clap_u_nm_np1_fr_med_0,107.07652389586522
