Video_Name,Avg_FOV_Ratio
#122_Cleaning_Up_The_Beach_In_Chiba__Japan_pick_f_nm_np1_le_bad_2,1.0
#122_Cleaning_Up_The_Beach_In_Chiba__Japan_pick_f_nm_np1_ri_bad_0,1.0
100_Second_Handstand_handstand_f_nm_np1_ba_bad_0,0.9966326121794872
100_pullups_pullup_f_nm_np1_fr_med_1,0.9563258744855967
100_pullups_pullup_f_nm_np1_fr_med_2,0.9620130851337448
100_push_ups_by_a_GIRL!!!_pushup_f_nm_np1_fr_goo_1,0.9932722479423868
100_push_ups_by_a_GIRL!!!_pushup_f_nm_np1_fr_goo_2,0.9950252379115226
100_push_ups_pushup_f_nm_np1_ri_med_0,0.9992642425411524
100_push_ups_pushup_f_nm_np1_ri_med_1,0.9972284915123456
100_push_ups_pushup_f_nm_np1_ri_med_2,0.9979385288065842
103_years_old_japanese_woman__Nao_is_clapping_with_piano_music_by_beethoven_clap_u_nm_np1_fr_med_0,0.9953706478310502
10YearOldYouthBasketballStarBaller_dribble_f_nm_np1_ba_med_17,0.9999908719931271
10YearOldYouthBasketballStarBaller_shoot_ball_f_nm_np1_ba_med_11,0.9999354031385282
10YearOldYouthBasketballStarBaller_shoot_ball_f_nm_np1_ba_med_12,0.9999883319805195
10YearOldYouthBasketballStarBaller_shoot_ball_f_nm_np1_ri_med_15,0.9999997199820788
10_Pull_Ups_pullup_f_nm_np1_fr_goo_0,1.0
10_Pull_Ups_pullup_f_nm_np1_fr_goo_1,0.9999978016774891
10_Pull_Ups_pullup_f_nm_np1_fr_goo_2,0.9999830898268397
19th_Century_Cavalry_Sabre_Draw_draw_sword_u_nm_np1_fr_bad_0,0.9935710903679651
19th_Century_Cavalry_Sabre_Draw_draw_sword_u_nm_np1_fr_bad_1,0.9911485389610392
20060723sfjffjewcy_walk_f_nm_np1_fr_med_0,0.9998689850663716
20060723sfjffjewcy_walk_f_nm_np1_fr_med_1,0.9999084974315067
20060723sfjffsomelikeitwarmed_sit_u_nm_np1_fr_goo_1,0.9963952583874458
20_good_form_pullups_pullup_f_nm_np1_ri_goo_0,0.9738962729978357
20_good_form_pullups_pullup_f_nm_np1_ri_goo_1,0.9733575148809523
20_good_form_pullups_pullup_f_nm_np1_ri_goo_2,0.9733534564393939
35_pull_ups_pullup_f_nm_np1_fr_goo_0,1.0
35_pull_ups_pullup_f_nm_np1_fr_goo_1,1.0
35_pull_ups_pullup_f_nm_np1_fr_goo_2,1.0
3PointJumpShotPractice-09_21_07_shoot_ball_f_nm_np1_ri_med_0,0.9999079623287671
3PointJumpShotPractice-09_21_07_shoot_ball_f_nm_np1_ri_med_1,0.999851868872549
3PointJumpShotPractice-09_21_07_shoot_ball_f_nm_np1_ri_med_3,0.9999809808052436
3PointJumpShotPractice-09_21_07_shoot_ball_f_nm_np1_ri_med_4,0.9999868328651685
3PointJumpShotPractice-09_21_07_shoot_ball_f_nm_np1_ri_med_5,0.9999833026960785
3PointJumpShotPractice-09_21_07_shoot_ball_f_nm_np1_ri_med_6,0.9998060661764705
50_FIRST_DATES_run_f_nm_np1_ba_med_20,0.9979425392316015
50_FIRST_DATES_sit_f_nm_np1_le_med_4,0.9979398544520548
50_FIRST_DATES_stand_u_nm_np1_fr_med_8,0.9774486301369864
50_pull_ups_made_in_germany_pullup_f_nm_np1_le_med_0,0.9992239921536797
50_pull_ups_made_in_germany_pullup_f_nm_np1_le_med_1,0.9987719832251081
5_Min_Tone_Abs_Workout_2__Fitness_Training_w__Tammy_situp_f_nm_np1_fr_goo_2,0.9999997315292095
5_Min_Tone_Abs_Workout_2__Fitness_Training_w__Tammy_situp_f_nm_np1_fr_goo_3,0.9999986359126984
5_Min_Tone_Abs_Workout_2__Fitness_Training_w__Tammy_situp_f_nm_np1_fr_goo_4,1.0
5_Min_Tone_Abs_Workout_2__Fitness_Training_w__Tammy_situp_f_nm_np1_le_goo_1,1.0
5_Min_Tone_Abs_Workout_2__Fitness_Training_w__Tammy_situp_f_nm_np1_le_goo_5,0.9999972524847094
6arrowswithin30seconds_shoot_bow_f_nm_np1_fr_med_0,0.9934616126543211
6arrowswithin30seconds_shoot_bow_f_nm_np1_fr_med_1,0.9979969899891775
6arrowswithin30seconds_shoot_bow_f_nm_np1_fr_med_2,0.992150848765432
6arrowswithin30seconds_shoot_bow_f_nm_np1_fr_med_3,0.991483410493827
6arrowswithin30seconds_shoot_bow_f_nm_np1_fr_med_4,0.9976550662878789
ALeapToFreedom_ride_horse_f_nm_np1_ba_med_1,0.9841255733944955
ALeapToFreedom_ride_horse_f_nm_np1_ri_med_0,0.991485450114679
Abs__Situps__Crunches_situp_u_nm_np3_ri_goo_4,0.9982195278679651
Abs__Situps__Crunches_situp_u_nm_np3_ri_goo_5,1.0
Abs__Situps__Crunches_situp_u_nm_np3_ri_goo_6,0.9957425090020579
AdamandAlvonplayingbasketball1_shoot_ball_f_nm_np1_ba_med_11,0.999998308982684
AdamandAlvonplayingbasketball2_throw_f_nm_np1_fr_med_1,0.9761492153679653
After_work_smoke_in_the_garage_smoke_h_nm_np1_fr_bad_0,0.9716523598251029
AgriculturalAviation_walk_f_nm_np1_le_med_0,0.9988323525432903
AgriculturalAviation_walk_f_nm_np1_le_med_1,0.9679318321078432
Alban_Hayoz_solo_climb_(klettern)_climb_f_nm_np1_ba_med_1,1.0
Alex_applauding_himself_clap_u_nm_np1_fr_med_0,0.9898380005411256
Anna_Rawson_Driver_Practice_golf_f_nm_np1_ri_bad_0,0.9999550189393936
Anna_Rawson_Lesson_side_by_side_golf_f_nm_np2_ba_goo_0,0.9989769345238094
ArcheryFastShooting_shoot_bow_u_nm_np1_fr_med_0,0.9995297280844158
ArcheryFastShooting_shoot_bow_u_nm_np1_fr_med_1,0.9996773538961042
ArcheryFastShooting_shoot_bow_u_nm_np1_fr_med_10,0.9988746279761901
ArcheryFastShooting_shoot_bow_u_nm_np1_fr_med_11,0.9990373038419912
ArcheryFastShooting_shoot_bow_u_nm_np1_fr_med_12,0.9999955929487179
ArcheryFastShooting_shoot_bow_u_nm_np1_fr_med_14,0.9998469629329002
ArcheryFastShooting_shoot_bow_u_nm_np1_fr_med_16,0.9999879937770563
ArcheryFastShooting_shoot_bow_u_nm_np1_fr_med_18,0.9997590445788531
ArcheryFastShooting_shoot_bow_u_nm_np1_fr_med_19,0.9999749824438202
ArcheryFastShooting_shoot_bow_u_nm_np1_fr_med_2,0.9995667613636366
ArcheryFastShooting_shoot_bow_u_nm_np1_fr_med_20,0.9996942640692638
ArcheryFastShooting_shoot_bow_u_nm_np1_fr_med_21,0.9999848710317459
ArcheryFastShooting_shoot_bow_u_nm_np1_fr_med_22,0.999995372761708
ArcheryFastShooting_shoot_bow_u_nm_np1_fr_med_23,0.9984994982798162
ArcheryFastShooting_shoot_bow_u_nm_np1_fr_med_3,0.9994932021103895
ArcheryFastShooting_shoot_bow_u_nm_np1_fr_med_4,0.9999181547619045
ArcheryFastShooting_shoot_bow_u_nm_np1_fr_med_5,0.9998469629329002
ArcheryFastShooting_shoot_bow_u_nm_np1_fr_med_8,0.9994830560064933
ArcheryFastShooting_shoot_bow_u_nm_np1_fr_med_9,0.9994133860930735
BaseballPitchingtarget_BaseballPitchingCage_throw_u_nm_np1_ba_med_0,0.999449452457265
BaseballSwingAnalysis_swing_baseball_f_nm_np1_fr_med_11,0.9999957606589147
BaseballSwingAnalysis_swing_baseball_f_nm_np1_fr_med_12,0.9999950499311294
BaseballSwingAnalysis_swing_baseball_f_nm_np1_fr_med_8,0.9999973783557048
BaseballSwingAnalysis_swing_baseball_f_nm_np1_fr_med_9,0.999993316740413
BaseballSwingAnalysis_swing_baseball_u_nm_np1_ba_med_0,0.9998569367038215
BaseballSwingAnalysis_swing_baseball_u_nm_np1_ba_med_2,0.9999808114035087
BaseballSwingAnalysis_swing_baseball_u_nm_np1_fr_med_10,0.9999989224137931
BaseballSwingAnalysis_swing_baseball_u_nm_np1_fr_med_13,0.9999976784560723
Best_Kisses_in_TV_Movies_1_3_kiss_h_nm_np2_le_goo_0,0.962997850251678
Best_Kisses_in_TV_Movies_1_3_kiss_h_nm_np2_le_goo_7,0.9892172293187346
Best_Of_Skype_Laughter_Chain_laugh_h_nm_np1_fr_bad_4,1.0
Best_Of_Skype_Laughter_Chain_laugh_h_nm_np1_fr_bad_5,1.0
Best_Of_Skype_Laughter_Chain_laugh_h_nm_np1_fr_bad_9,0.9999932969674556
Best_Of_Skype_Laughter_Chain_laugh_h_nm_np1_fr_goo_14,0.9999648522603487
Best_Of_Skype_Laughter_Chain_laugh_h_nm_np1_fr_goo_15,1.0
Best_Of_Skype_Laughter_Chain_laugh_h_nm_np1_fr_goo_8,0.9999960822271388
Best_Of_Skype_Laughter_Chain_laugh_h_nm_np1_fr_med_11,0.9999701140873016
Best_Of_Skype_Laughter_Chain_laugh_h_nm_np1_fr_med_18,0.9999829982749469
Best_Of_Skype_Laughter_Chain_laugh_h_nm_np1_fr_med_23,0.9945134508792048
Best_Of_Skype_Laughter_Chain_laugh_h_nm_np1_fr_med_27,0.9999960675335572
Best_Of_Skype_Laughter_Chain_laugh_h_nm_np1_fr_med_3,0.9999982344632768
Best_Of_Skype_Laughter_Chain_laugh_h_nm_np2_fr_med_19,0.9784596427730696
Best_Of_Skype_Laughter_Chain_laugh_h_nm_np2_le_med_21,1.0
Best_Of_Skype_Laughter_Chain_laugh_h_nm_np2_le_med_22,1.0
Best_Of_Skype_Laughter_Chain_laugh_h_nm_np3_fr_goo_6,0.8304201499469215
Best_Of_Skype_Laughter_Chain_laugh_h_nm_np3_fr_med_24,0.9064544719827585
Best_Of_Skype_Laughter_Chain_laugh_h_nm_np4_fr_bad_28,0.9393279377723311
Best_Of_Skype_Laughter_Chain_laugh_h_nm_np4_fr_med_25,0.9296350709808259
Big_League_Chew_chew_h_nm_np1_fr_goo_0,0.9988865059912854
Big_League_Chew_chew_h_nm_np1_fr_goo_1,0.9999722166932059
Blonde_being_brushed_brush_hair_f_nm_np2_ri_med_0,1.0
Boom_Snap_Clap_clap_u_nm_np1_fr_med_1,0.9634873850108227
Boom__Snap__Clap!_(Challenge)_clap_u_nm_np1_fr_med_0,0.9964551204004329
Boom__Snap__Clap!_(Challenge)_clap_u_nm_np1_fr_med_1,0.9970217803030306
Brushing_Hair_with_Beth_brush_hair_u_nm_np1_fr_goo_1,1.0
Brushing_my_Long_Hair__February_2009_brush_hair_u_nm_np1_ba_goo_1,1.0
Brushing_my_Long_Hair__February_2009_brush_hair_u_nm_np1_fr_goo_0,0.9976675025720165
Bubble_Blowing_Bubble_Gum_chew_h_nm_np1_fr_bad_1,0.9999932359307359
Bubble_Blowing_Bubble_Gum_chew_h_nm_np1_fr_bad_2,0.9999308628318584
Bubble_Gum_Club_2_chew_h_nm_np2_fr_med_1,0.869047550154321
Bubble_blowing_3!_chew_h_nm_np1_le_bad_0,0.9985824142156864
Bubble_blowing_3!_chew_h_nm_np1_le_bad_1,0.9990045103092783
Bubble_blowing_3!_chew_h_nm_np1_le_bad_2,0.9999379960317462
CSU_Cesar_Chavez_Day_Celebration_and_Award_Ceremony_2009_Part_7_shake_hands_f_nm_np2_le_med_1,0.9972487148268399
CSU_Cesar_Chavez_Day_Celebration_and_Award_Ceremony_2009_Part_7_shake_hands_f_nm_np2_le_med_2,0.9978618777056278
Cachaca_cocktails_pour_u_nm_np1_fr_med_0,0.9827955109126983
Cachaca_cocktails_pour_u_nm_np1_fr_med_1,0.9779056059587815
Cachaca_cocktails_pour_u_nm_np1_fr_med_2,0.9951942090395481
Chanta!____THAT_IS_long_blonde_hair!_brush_hair_u_nm_np1_ri_goo_3,0.9995755612080103
ChelseaLately-Chelsea_ride_horse_u_nm_np1_ba_med_1,0.9950472608024691
Chest_workout-_hip_pushups_pushup_u_nm_np1_fr_med_3,0.9999981398809524
Chest_workout-_hip_pushups_pushup_u_nm_np1_fr_med_4,0.9999475472813241
Chest_workout-_hip_pushups_pushup_u_nm_np1_ri_med_2,0.999991738505747
Chris_Comfort_s_Push_Up_Workout_Part_I_pushup_f_nm_np1_ri_goo_0,0.9999102158224402
Chris_Comfort_s_Push_Up_Workout_Part_I_pushup_f_nm_np1_ri_goo_1,0.9999943668735223
Chris_Comfort_s_Push_Up_Workout_Part_I_pushup_f_nm_np1_ri_goo_2,0.9999719065656565
Clay_sBasketballSkillz_dribble_f_nm_np1_fr_med_18,0.9998413337628866
Clay_sBasketballSkillz_dribble_f_nm_np1_le_med_1,0.9985380829510703
Clay_sBasketballSkillz_pick_f_nm_np1_ri_med_8,0.9999969951923077
Clay_sBasketballSkillz_shoot_ball_f_nm_np1_ba_med_13,0.9999020235655739
Clay_sBasketballSkillz_shoot_ball_f_nm_np1_ba_med_3,0.9999995993589743
Clay_sBasketballSkillz_shoot_ball_f_nm_np1_ba_med_4,0.9999991987179487
Clay_sBasketballSkillz_shoot_ball_f_nm_np1_ba_med_5,0.997753504372428
Clay_sBasketballSkillz_shoot_ball_f_nm_np1_ba_med_6,0.9999849759615385
Clay_sBasketballSkillz_shoot_ball_f_nm_np1_ba_med_7,0.9989787487139918
Clay_sBasketballSkillz_shoot_ball_u_nm_np1_ba_med_12,0.9971594962899544
Clay_sBasketballSkillz_shoot_ball_u_nm_np1_ba_med_17,0.995704634661836
Clay_sBasketballSkillz_shoot_ball_u_nm_np1_ba_med_9,0.998731971153846
Cocktail_Pouring_pour_u_nm_np2_ri_med_0,0.9826629273504272
Compilationknifethrowing_throw_u_nm_np1_ba_med_1,0.9978535226254482
Compilationknifethrowing_throw_u_nm_np1_ba_med_10,0.994562364718615
Compilationknifethrowing_throw_u_nm_np1_ba_med_12,0.9994237012987015
Compilationknifethrowing_throw_u_nm_np1_ba_med_13,0.9996129587155964
Compilationknifethrowing_throw_u_nm_np1_ba_med_14,0.9994957618464054
Compilationknifethrowing_throw_u_nm_np1_ba_med_16,0.9999881249999999
Compilationknifethrowing_throw_u_nm_np1_ba_med_18,0.9999323756720432
Compilationknifethrowing_throw_u_nm_np1_ba_med_19,0.9961386659021408
Compilationknifethrowing_throw_u_nm_np1_ba_med_2,0.9955743501529053
Compilationknifethrowing_throw_u_nm_np1_ba_med_3,0.9992233140034364
Compilationknifethrowing_throw_u_nm_np1_ba_med_4,0.9980828936688311
Compilationknifethrowing_throw_u_nm_np1_ba_med_6,0.9999953797043009
Compilationknifethrowing_throw_u_nm_np1_ba_med_7,0.9991784274193548
Cuba_Libre_-_Just_do_it_with_Drinkadrink_com_pour_u_nm_np1_fr_goo_0,0.9925571842783505
DBK_Custom_Swords_-__Swordless__ScabbardBelt_draw_sword_u_nm_np1_fr_med_0,0.9974095305735932
DBK_Custom_Swords_-__Swordless__ScabbardBelt_draw_sword_u_nm_np1_fr_med_1,0.9965548904220778
DBK_Custom_Swords_-__Swordless__ScabbardBelt_draw_sword_u_nm_np1_fr_med_2,0.9960298295454548
DC_Personal_Trainer_-_How_To_Do_A_Push-up_The_RIGHT_Way_pushup_f_nm_np1_ri_goo_0,1.0
DefensivePistolShootingTechniques_shoot_gun_f_nm_np1_fr_med_0,0.9999995247871047
DefensivePistolShootingTechniques_shoot_gun_f_nm_np1_fr_med_3,0.9971797839506175
DefensivePistolShootingTechniques_shoot_gun_f_nm_np1_ri_med_5,0.999372242647059
DefensivePistolShootingTechniques_shoot_gun_u_nm_np1_fr_med_2,1.0
Dollar_Prank_at_the_Rivertown_Mall_pick_f_nm_np1_fr_med_1,0.999988839285714
Dollar_Prank_at_the_Rivertown_Mall_pick_f_nm_np1_fr_med_3,0.9999927286255411
Double_bubble_in_one_big_bubble_-D_chew_h_nm_np1_fr_goo_1,0.9674242862654322
Drawing_Katana_from_Back_draw_sword_u_nm_np1_fr_med_0,1.0
Drawing_and_Resheathing_the_Japanese_Sword_draw_sword_u_nm_np1_le_med_0,0.8660538419913423
Drawing_and_Resheathing_the_Japanese_Sword_draw_sword_u_nm_np1_le_med_1,0.8643095576298705
Drawing_and_Resheathing_the_Japanese_Sword_draw_sword_u_nm_np1_le_med_2,0.8313396239177488
Drink_#18_-_Apple_martini_pour_u_nm_np1_fr_goo_0,0.9169328942837466
Drink_#18_-_Apple_martini_pour_u_nm_np1_fr_goo_2,0.8992774203431372
Evian_Masters_Junior_Cup_Highlights_2009_golf_f_nm_np1_ba_goo_0,1.0
Evian_Masters_Junior_Cup_Highlights_2009_golf_f_nm_np1_ba_goo_2,0.9993679559426231
Evian_Masters_Junior_Cup_Highlights_2009_golf_f_nm_np1_le_goo_4,0.9997214894480521
Evian_Masters_Junior_Cup_Highlights_2009_golf_f_nm_np1_ri_goo_3,1.0
Fastestguninthewest_shoot_gun_f_nm_np1_ri_med_0,0.9999927286255411
FestivalofColors_stand_f_nm_np1_fr_med_0,0.9999944196428572
FirearmsTraining_shoot_gun_f_nm_np2_le_med_10,0.9997911888379206
FirearmsTraining_shoot_gun_u_nm_np1_ri_med_11,0.9998580875468166
FirearmsTraining_shoot_gun_u_nm_np1_ri_med_3,0.9952907538659794
FirearmsTraining_shoot_gun_u_nm_np1_ri_med_4,0.9765932399054983
Fun_Chewing_Gum!_chew_h_nm_np1_fr_med_0,0.9831050175330033
Fun_Chewing_Gum!_chew_h_nm_np1_fr_med_1,0.9861417708333333
Fun_Chewing_Gum!_chew_h_nm_np1_fr_med_2,0.9826330345607236
Fun_Chewing_Gum!_chew_h_nm_np2_fr_med_3,0.9984163586469533
GardenWiseB256kb_pick_f_nm_np1_le_med_0,0.9491015624999998
Get_six_pack_abs_in_6_minutes_on_your_couch__This_Works!_situp_f_nm_np1_ba_med_1,1.0
Get_six_pack_abs_in_6_minutes_on_your_couch__This_Works!_situp_f_nm_np1_ba_med_2,1.0
Golf_Tips_-_Hit_The_Driver_300+_Yards!!!_golf_f_nm_np1_fr_med_0,0.9999414794007493
Gum_Chewing_Girl_chew_h_nm_np1_fr_med_0,1.0
Gum_Chewing_Girl_chew_h_nm_np1_fr_med_1,1.0
Gum_Chewing_Girl_chew_h_nm_np1_fr_med_2,1.0
Gymnastic_handstand_handstand_f_nm_np1_le_med_2,1.0
Gymnastic_handstand_handstand_f_nm_np1_ri_med_0,0.9999996617965368
Hand_Stand_Push_Ups_handstand_f_nm_np1_ba_med_0,0.999948990549828
Highball_Cocktail_Drink_Recipe_pour_u_nm_np1_fr_med_0,0.9999901251398211
Hittingadouble(BXbaseball)_swing_baseball_f_nm_np1_ba_bad_2,0.9968184156378602
Hittingadouble(BXbaseball)_swing_baseball_f_nm_np1_ba_bad_3,0.9997864314862543
How_To_Pour_Ice_Tea_pour_u_nm_np1_fr_med_1,0.8376191666666667
How_To_Pour_Ice_Tea_pour_u_nm_np1_fr_med_2,0.9619476213487973
How_to_Build_a_Cocktail_pour_u_nm_np1_fr_med_0,0.9976986350574713
How_to_Build_a_Cocktail_pour_u_nm_np1_fr_med_1,0.9999151976495727
How_to_do_a_Cartwheel_cartwheel_f_nm_np1_le_med_2,1.0
How_to_do_a_Cartwheel_cartwheel_f_nm_np1_ri_med_0,1.0
How_to_get_a_six_pack_in_3minutes_EXPLOSIVE_RESULTS_IN_YOUR_4_WEEKS_situp_f_nm_np1_ri_med_1,0.9997424580627705
How_to_get_a_six_pack_in_3minutes_EXPLOSIVE_RESULTS_IN_YOUR_4_WEEKS_situp_f_nm_np1_ri_med_2,0.9998143262987013
How_to_smoke_smoke_h_nm_np1_fr_goo_0,1.0
How_to_smoke_smoke_h_nm_np1_fr_goo_1,1.0
HowtoswingaBaseballbat_swing_baseball_f_nm_np1_le_bad_1,1.0
Iaido_13_katas_draw_sword_f_nm_np1_ba_med_2,0.9999953382201647
Iaido_13_katas_draw_sword_f_nm_np1_fr_med_0,1.0
Iaido_13_katas_draw_sword_f_nm_np1_fr_med_7,1.0
Iaido_13_katas_draw_sword_f_nm_np1_fr_med_9,1.0
Iaido_13_katas_draw_sword_f_nm_np1_le_med_5,1.0
Iaido_13_katas_sword_exercise_f_nm_np1_ba_bad_11,1.0
Iaido_13_katas_sword_exercise_f_nm_np1_fr_bad_10,0.999984660388128
Iaido_13_katas_sword_exercise_f_nm_np1_fr_bad_13,1.0
Iaido_13_katas_sword_exercise_f_nm_np1_fr_bad_3,1.0
Iaido_13_katas_sword_exercise_f_nm_np1_fr_bad_4,0.9995706188725489
Iaido_video_instruction_series_Wehrhahn_Sensei_draw_sword_f_nm_np1_le_med_5,0.9998851312785387
Iaido_video_instruction_series_Wehrhahn_Sensei_sword_exercise_f_nm_np1_le_bad_1,0.9999859089611871
Incline_Dumbell_Situps_45lbs_2ndxpr_25x_situp_f_nm_np1_ri_med_2,0.9201310149336283
Intermidate_to_advanced_abs_situp_f_nm_np1_fr_med_0,0.9876489786255414
Intermidate_to_advanced_abs_situp_f_nm_np1_fr_med_2,0.9880774176954733
Jeff_Ritter_-_Power_Drill_golf_f_nm_np1_ri_med_0,0.9999989853896104
Jeff_Ritter_-_The_Transition_golf_f_nm_np1_ri_med_0,1.0
Just_Say_NO_to_AQUA_DOTS!_climb_stairs_l_nm_np1_ba_med_0,0.999953327922078
Kamikaze_Martini_Coctail_pour_u_nm_np1_fr_med_0,0.9991866987179486
Kamikaze_Martini_Coctail_pour_u_nm_np1_fr_med_1,0.9996969696969694
KnifeThrowing_throw_f_nm_np1_le_med_0,0.9990939529220779
KnifeThrowing_throw_f_nm_np1_le_med_1,0.9991695413961041
KnifeThrowing_throw_f_nm_np1_le_med_2,0.9988360727813851
KnifeThrowing_throw_f_nm_np1_le_med_3,0.9985617897727274
KnifeThrowing_throw_f_nm_np1_le_med_4,0.9989201108870966
Knifethrowing4knivestogethernospin_throw_u_nm_np1_ba_med_0,0.9999955208333331
Laughing_Girl_smoke_u_nm_np1_ri_goo_0,0.9979945116487455
LearnToShootFromTheMaster_shoot_ball_f_nm_np1_ba_med_0,1.0
LearnToShootFromTheMaster_shoot_ball_f_nm_np1_ba_med_1,0.9999916914682541
LearnToShootFromTheMaster_shoot_ball_f_nm_np1_ba_med_2,0.9979010738168723
LearnToShootFromTheMaster_shoot_ball_f_nm_np1_ba_med_3,1.0
LearnToShootFromTheMaster_shoot_ball_f_nm_np1_ba_med_4,0.9984932806069959
Learn_How_to_do_a_Handstand_handstand_f_nm_np1_ri_med_1,1.0
Lektion_3__-_Das_Haare_b_rsten_brush_hair_h_nm_np1_fr_med_1,1.0
Long_Handstand_-_Two_Minutes_handstand_f_nm_np1_ri_med_0,0.9671046401515151
Lori_Does_Desktop_Pushups_pushup_f_nm_np1_le_goo_1,0.9999912067099566
Lori_Does_Desktop_Pushups_pushup_f_nm_np1_le_goo_2,0.999980891504329
Mark_Pfeltz_Sets_World_Record_For_sit_ups_situp_f_nm_np1_fr_bad_2,1.0
Mark_Pfeltz_Sets_World_Record_For_sit_ups_situp_f_nm_np1_fr_bad_3,1.0
Mark_Pfeltz_Sets_World_Record_For_sit_ups_situp_f_nm_np1_fr_bad_4,1.0
Mark_Pfeltz_Sets_World_Record_For_sit_ups_situp_f_nm_np1_ri_bad_1,1.0
Massive_Bubble_Gum_Bubble_chew_h_nm_np1_le_goo_1,1.0
MattBolden(hittinginslowmotion)_swing_baseball_f_nm_np1_fr_bad_0,0.9999908017966361
MeShootin2_shoot_gun_u_nm_np1_ri_med_0,0.9980953909817352
MeShootin2_shoot_gun_u_nm_np1_ri_med_1,0.9999993530020704
MeShootin2_shoot_gun_u_nm_np1_ri_med_2,1.0
Me_chewing_hubba_bubba_bubble_gum_chew_h_nm_np1_fr_bad_0,0.9761463155864195
Me_chewing_hubba_bubba_bubble_gum_chew_h_nm_np1_fr_bad_1,0.9922721910612534
Me_chewing_hubba_bubba_bubble_gum_chew_h_nm_np1_fr_bad_2,0.9998857385299625
Mr__Bubblegum_chew_h_nm_np1_fr_med_1,0.9999803987455197
Mr__Bubblegum_chew_h_nm_np1_fr_med_2,0.999995358910891
My_First_Hefeweizen_pour_u_nm_np1_ri_med_1,0.999917627068558
My_Lil__Man_clapping_his_Hands_clap_u_nm_np1_fr_goo_0,0.769743134469697
My_Lil__Man_clapping_his_Hands_clap_u_nm_np1_fr_med_1,0.7829339150432899
My_smileEh_smile_h_nm_np1_fr_goo_0,1.0
NH-__Open_Carry_Litter_Pickup_in__troubled__neighborhood_pick_f_nm_np1_le_med_0,0.9999404456967212
Na_Yeon_Choi_practice_1_golf_f_nm_np1_ri_goo_0,0.998385247564935
Na_Yeon_Choi_practice_1_golf_f_nm_np1_ri_goo_1,0.998635856331169
Na_Yeon_Choi_practice_1_golf_f_nm_np1_ri_goo_2,0.998316592261905
Narcotic1967256kb_climb_stairs_f_nm_np1_ba_med_0,0.9999988162878789
New_Orleans__best_cocktails-_Hot_Buttered_Rum_pour_u_nm_np1_fr_med_0,0.9903853202160494
New_Orleans__best_cocktails-_Hot_Buttered_Rum_pour_u_nm_np1_fr_med_1,0.9999947608481262
New_Orleans__best_cocktails-_Hot_Buttered_Rum_pour_u_nm_np1_fr_med_2,0.9999993943798449
Ninja_(samurai_sword)_draw_sword_u_nm_np1_fr_med_0,0.9033541328463204
Ninja_Warrior_Ultimate_Push_up_Training_pushup_f_nm_np1_le_goo_0,0.9676476258116883
Ninja_Warrior_Ultimate_Push_up_Training_pushup_f_nm_np1_le_goo_1,0.9711326433982684
Ninja_Warrior_Ultimate_Push_up_Training_pushup_f_nm_np1_le_goo_2,0.9627741139069267
Ninja_Warrior_Ultimate_Six_Pack_Abs_Sit_up_Training_situp_f_nm_np1_ri_med_2,0.975232683982684
OldSchool_drink_h_nm_np1_fr_goo_4,0.9991415168378993
OldSchool_drink_u_nm_np1_ri_goo_5,0.9976715029761904
Panic_in_the_Streets_sit_f_nm_np1_le_med_7,0.9983723958333333
Panic_in_the_Streets_stand_f_nm_np1_fr_med_8,0.9999944706050229
Panic_in_the_Streets_walk_u_nm_np1_fr_bad_10,0.9999959812242799
Panic_in_the_Streets_walk_u_nm_np1_fr_med_4,0.9999950057077627
Personal_Training_Workout_Tips_situp_f_nm_np1_le_goo_0,0.9999966397849461
Personal_Training_Workout_Tips_situp_f_nm_np1_le_goo_1,0.9999899193548388
PlayingBasketballGotWater_dribble_f_nm_np1_ba_med_7,0.9999996416284405
PlayingBasketballGotWater_shoot_ball_f_nm_np1_ba_med_0,1.0
PlayingBasketballGotWater_shoot_ball_f_nm_np1_ba_med_8,1.0
PlayingBasketballGotWater_shoot_ball_f_nm_np1_ri_med_2,1.0
PlayingBasketball_dribble_f_nm_np1_le_med_4,0.999998500631313
PlayingBasketball_shoot_ball_f_nm_np1_ba_med_7,1.0
PlayingBasketball_shoot_ball_f_nm_np1_ri_med_1,1.0
PlayingBasketball_shoot_ball_f_nm_np1_ri_med_2,1.0
PlayingBasketball_shoot_ball_f_nm_np1_ri_med_5,0.9995693479938271
Proper_Way_to_Do_Pull_Ups_pullup_f_nm_np1_ri_goo_0,0.9999198457792207
Proper_Way_to_Do_Pull_Ups_pullup_u_nm_np1_ri_goo_3,0.9841634516460906
Proper_Way_to_Do_Pull_Ups_pullup_u_nm_np1_ri_goo_4,0.998374255952381
Push_Up_Battle_pushup_u_nm_np2_le_bad_0,0.9985633680555556
Push_Up_Workout_--_Do_100_Total_Pushups_In_A_Row_pushup_f_nm_np1_le_med_0,0.9997649485930737
Push_Up_Workout_--_Do_100_Total_Pushups_In_A_Row_pushup_f_nm_np1_le_med_1,0.9997382305194809
Push_Up_Workout_--_Do_100_Total_Pushups_In_A_Row_pushup_f_nm_np1_le_med_2,0.9996149553571428
Push_Ups_1_pushup_f_nm_np1_le_med_0,0.9988534902597406
Push_Ups_1_pushup_f_nm_np1_le_med_1,0.9991666666666669
Raito_Kata_from_Shindo_Munen_Ryu_Instructional_Video_draw_sword_f_nm_np1_fr_med_0,0.9931551001082252
Raito_Kata_from_Shindo_Munen_Ryu_Instructional_Video_draw_sword_f_nm_np1_fr_med_1,0.9812286931818182
Raito_Kata_from_Shindo_Munen_Ryu_Instructional_Video_draw_sword_f_nm_np1_le_med_2,0.9850941896645021
Raito_Kata_from_Shindo_Munen_Ryu_Instructional_Video_draw_sword_f_nm_np1_le_med_3,0.9914025297619049
Random_Pull_Up_Exercises_pullup_f_nm_np1_ba_med_0,0.9629895495129871
Random_Pull_Up_Exercises_pullup_f_nm_np1_ba_med_1,0.9633257237554113
Random_Pull_Up_Exercises_pullup_f_nm_np1_fr_med_2,0.9516059591450214
Random_Pull_Up_Exercises_pullup_f_nm_np1_fr_med_3,0.9233805127164502
Rauchen_f_r_Anf_nger_smoke_h_nm_np1_fr_med_1,0.9999440019063182
Rauchen_f_r_Anf_nger_smoke_h_nm_np1_fr_med_2,1.0
Re-_Show_your_Smile!_10_smile_h_nm_np1_fr_goo_0,0.9999976325757575
Re-_Show_your_Smile!_1_smile_h_nm_np1_fr_goo_0,0.9478985018004115
Re-_Show_your_Smile!_3_smile_h_nm_np1_fr_goo_0,0.9800678097943721
Re-_Show_your_Smile!_4_smile_h_nm_np1_fr_med_0,0.9699876555735931
Re-_Show_your_Smile!_8_smile_h_nm_np1_fr_goo_0,0.9714157196969696
ReggieMillerTakesonThreeAverageGuysinaShootout_shoot_ball_u_nm_np1_ba_med_0,0.9997374751984127
ReggieMillerTakesonThreeAverageGuysinaShootout_shoot_ball_u_nm_np1_ba_med_1,0.9957460455246913
ReggieMillerTakesonThreeAverageGuysinaShootout_shoot_ball_u_nm_np1_ba_med_10,1.0
ReggieMillerTakesonThreeAverageGuysinaShootout_shoot_ball_u_nm_np1_ba_med_11,1.0
ReggieMillerTakesonThreeAverageGuysinaShootout_shoot_ball_u_nm_np1_ba_med_13,1.0
ReggieMillerTakesonThreeAverageGuysinaShootout_shoot_ball_u_nm_np1_ba_med_16,1.0
ReggieMillerTakesonThreeAverageGuysinaShootout_shoot_ball_u_nm_np1_ba_med_17,1.0
ReggieMillerTakesonThreeAverageGuysinaShootout_shoot_ball_u_nm_np1_ba_med_18,1.0
ReggieMillerTakesonThreeAverageGuysinaShootout_shoot_ball_u_nm_np1_ba_med_19,1.0
ReggieMillerTakesonThreeAverageGuysinaShootout_shoot_ball_u_nm_np1_ba_med_2,1.0
ReggieMillerTakesonThreeAverageGuysinaShootout_shoot_ball_u_nm_np1_ba_med_3,0.999997463474026
ReggieMillerTakesonThreeAverageGuysinaShootout_shoot_ball_u_nm_np1_ba_med_4,0.9999998216324201
ReggieMillerTakesonThreeAverageGuysinaShootout_shoot_ball_u_nm_np1_ba_med_5,1.0
ReggieMillerTakesonThreeAverageGuysinaShootout_shoot_ball_u_nm_np1_ba_med_6,0.9999012445887446
ReggieMillerTakesonThreeAverageGuysinaShootout_shoot_ball_u_nm_np1_ba_med_7,0.9999996432648401
Rum_Mixed_Drinks-_Part_4_-_How_to_Make_the_Cuba_Libre_Mixed_Drink_pour_u_nm_np1_fr_goo_0,0.9913624526515152
Rum_Mixed_Drinks-_Part_4_-_How_to_Make_the_Cuba_Libre_Mixed_Drink_pour_u_nm_np1_fr_goo_1,0.9861056985294118
Rum_Mixed_Drinks-_Part_4_-_How_to_Make_the_Cuba_Libre_Mixed_Drink_pour_u_nm_np1_fr_goo_2,0.9956933271452147
SAFE_NO-WALL_HANDSTAND_ESCAPE_PLAN_handstand_f_nm_np1_ri_med_1,1.0
SE7EN_SMILES_x3_smile_h_nm_np1_fr_bad_7,1.0
SE7EN_SMILES_x3_smile_h_nm_np1_fr_med_2,0.9997145562770563
SE7EN_SMILES_x3_smile_h_nm_np1_fr_med_4,1.0
SE7EN_SMILES_x3_smile_h_nm_np1_fr_med_6,0.8950044791666667
SMILES_FROM_OFF_THE_ROAD_2_-TREASURING_THE_GIRLCHILD_smile_h_nm_np1_fr_goo_2,0.9998413825757577
SMILES_FROM_OFF_THE_ROAD_2_-TREASURING_THE_GIRLCHILD_smile_h_nm_np1_fr_med_0,0.9987956400343642
SMILES_FROM_OFF_THE_ROAD_3_-TRAVELS_WITH_A_HAT_smile_h_nm_np1_fr_bad_2,1.0
SMILES_FROM_OFF_THE_ROAD_3_-TRAVELS_WITH_A_HAT_smile_h_nm_np1_fr_goo_0,0.9998118872549019
SMILES_FROM_OFF_THE_ROAD_3_-TRAVELS_WITH_A_HAT_smile_h_nm_np1_fr_goo_3,0.9999998308982684
SMILES_FROM_OFF_THE_ROAD_3_-TRAVELS_WITH_A_HAT_smile_h_nm_np1_fr_med_4,1.0
SMILES_FROM_OFF_THE_ROAD_3_-TRAVELS_WITH_A_HAT_smile_h_nm_np1_fr_med_5,0.9975710519547326
SafeInPort_climb_f_nm_np1_ba_med_0,1.0
SafeInPort_pick_f_nm_np1_fr_med_1,0.9999076704545454
SchoolRulesHowTheyHelpUs_stand_u_nm_np1_fr_med_1,0.9999530734323434
SchoolRulesHowTheyHelpUs_throw_f_nm_np1_ba_med_3,0.9729218749999999
SchoolRulesHowTheyHelpUs_turn_u_nm_np1_ri_med_4,0.9681727430555555
Scott_Can_t_Make_His_Bubblegum_Pop_chew_h_nm_np1_fr_med_0,0.9999671378968252
Scott_Can_t_Make_His_Bubblegum_Pop_chew_h_nm_np1_fr_med_1,0.9999320211038959
Scott_Can_t_Make_His_Bubblegum_Pop_chew_h_nm_np1_fr_med_2,0.9999783473782771
Sexy_girl_on_the_bed_teasing_chew_u_nm_np1_fr_med_0,0.9999488967293905
Sexy_girl_on_the_bed_teasing_chew_u_nm_np1_fr_med_1,0.9999716666666666
Shadow_of_a_Doubt_drink_h_nm_np1_fr_goo_8,0.998312702922078
Shadow_of_a_Doubt_run_f_nm_np1_fr_med_16,0.9808658008658011
Shootingarecurve_shoot_bow_u_nm_np1_fr_med_0,0.9996349715099715
Shootingarecurve_shoot_bow_u_nm_np1_fr_med_1,0.9999032866379312
Shootingarecurve_shoot_bow_u_nm_np1_fr_med_2,0.9999374999999998
Shootingarecurve_shoot_bow_u_nm_np1_fr_med_3,0.999902862278761
Shootingarecurve_shoot_bow_u_nm_np1_fr_med_4,0.9999969791666666
Shootingattherange_shoot_gun_f_nm_np1_ri_med_0,0.9999660326086958
Show_Your_Smile_-)_1_smile_h_nm_np1_fr_goo_0,0.893762344426407
Silky_Straight_Hair_Original_brush_hair_h_nm_np1_ba_goo_1,0.9992309429190752
Sit_ups_and_crunch_situp_f_nm_np1_le_goo_0,0.9999994399641577
Sit_ups_and_crunch_situp_f_nm_np1_le_goo_1,0.9999995610955055
Sit_ups_and_crunch_situp_f_nm_np1_le_goo_2,1.0
Sit_ups_situp_f_nm_np1_ri_goo_0,1.0
Sit_ups_situp_f_nm_np1_ri_goo_2,1.0
Skype_Laughter_Chain_reaction_1_laugh_f_nm_np3_fr_med_1,0.9987736742424241
Skype_Laughter_by_Hungary_laugh_h_nm_np2_fr_goo_0,0.9998824890010353
Smile_-]_smile_h_nm_np1_fr_goo_0,0.8549486714975846
So_turnt_man_richtig!!!_handstand_f_nm_np1_fr_med_2,1.0
So_turnt_man_richtig!!!_handstand_f_nm_np1_fr_med_3,0.9999957724567098
So_turnt_man_richtig!!!_handstand_f_nm_np1_fr_med_4,1.0
SocialSeminarBunny_drink_h_nm_np1_le_med_0,0.9934603266460905
SoundAndTheStory_pick_u_nm_np1_le_med_3,0.9997517123287674
SoundAndTheStory_turn_f_nm_np1_le_med_2,0.9835210813492061
SoundAndTheStory_turn_u_nm_np1_ba_med_1,0.9959323432343234
Spirit_Pouring_pour_u_nm_np1_fr_goo_1,0.9931043695887446
Spirit_Pouring_pour_u_nm_np1_fr_goo_2,0.9944769683441557
TVs_Best_Kisses_Top_50_(52_to_41)_kiss_h_nm_np2_le_goo_2,1.0
Takeda_Ryu_Iaido_draw_sword_f_nm_np1_fr_med_2,0.9998554002192981
Takeda_Ryu_Iaido_draw_sword_f_nm_np1_fr_med_6,0.9999506222943724
Takeda_Ryu_Iaido_draw_sword_f_nm_np1_ri_med_4,0.9936358563311691
Takeda_Ryu_Iaido_sword_f_nm_np1_fr_med_7,0.9999822443181815
Takeda_Ryu_Iaido_sword_f_nm_np1_le_med_5,0.9998342803030303
Takeda_Ryu_Iaido_sword_f_nm_np2_le_med_0,0.9997405979437228
TanyaShooting_shoot_gun_u_nm_np1_ri_med_3,0.88026641502809
TanyaShooting_shoot_gun_u_nm_np1_ri_med_4,0.8943293467078188
Tenshin_Ryu_Aikido_draw_sword_f_nm_np1_ri_med_0,0.9116137378246753
The_Pomegranate_Martini_pour_u_nm_np1_fr_med_0,0.9602772601299695
TiffanywithSpringfieldArmoryXD9_shoot_gun_u_nm_np1_ri_med_0,0.9718364448051946
TiffanywithSpringfieldArmoryXD9_shoot_gun_u_nm_np1_ri_med_1,0.9733620351702508
TiffanywithSpringfieldArmoryXD9_shoot_gun_u_nm_np1_ri_med_2,0.9738800392316019
Tiger_Abs_-_Triple_Sit_Ups_situp_f_nm_np1_le_goo_0,0.9999958639705883
Tiger_Abs_-_Triple_Sit_Ups_situp_f_nm_np1_le_goo_2,0.9975160751028805
Ukigumo_Kata_from_Hasegawa_Eishin_Ryu_draw_sword_f_nm_np1_fr_med_2,0.9999932701310862
Ukigumo_Kata_from_Hasegawa_Eishin_Ryu_draw_sword_f_nm_np1_le_med_1,1.0
Ukigumo_Kata_from_Hasegawa_Eishin_Ryu_draw_sword_f_nm_np1_le_med_3,0.9999984780844157
Video_Bartending_Guide_-_Kamikaze_Shot_Recipe_-_Vodka_Shots_pour_u_nm_np1_fr_med_1,0.9952845982142855
Wanda_Su_and_niece__T__blowing_bubbles_chew_u_nm_np2_fr_med_0,0.999745086984536
Wanda_Su_and_niece__T__blowing_bubbles_chew_u_nm_np2_fr_med_1,0.9999833333333333
Wanda_Su_and_niece__T__blowing_bubbles_chew_u_nm_np2_fr_med_2,0.9999258115310078
Wanda_Su_and_niece__T__blowing_bubbles_chew_u_nm_np2_le_med_3,0.9921199845679012
Waschbrettbauch_I-__bung_von_fitness_com_situp_f_nm_np1_ba_goo_0,0.9992648855452674
Waschbrettbauch_I-__bung_von_fitness_com_situp_f_nm_np1_ba_goo_1,0.9999974913990826
Weird_Laugh_laugh_h_nm_np1_fr_goo_0,1.0
Yoga_teachers_practice_handstand_and_backbend_variations_handstand_f_nm_np1_fr_med_3,0.9983780221193415
Yoga_teachers_practice_handstand_and_backbend_variations_handstand_f_nm_np1_ri_med_1,0.9991738013698629
Yoga_teachers_practice_handstand_and_backbend_variations_handstand_f_nm_np1_ri_med_4,0.981279095936214
YouTube_smiles!_smile_h_nm_np1_fr_bad_27,0.8903652686403509
YouTube_smiles!_smile_h_nm_np1_fr_goo_1,0.9808318236714976
YouTube_smiles!_smile_h_nm_np1_fr_goo_29,0.9383267227564104
YouTube_smiles!_smile_h_nm_np1_fr_med_11,0.9556121794871794
YouTube_smiles!_smile_h_nm_np1_fr_med_16,0.9385173326502732
YouTube_smiles!_smile_h_nm_np1_fr_med_17,0.7125069821859902
YouTube_smiles!_smile_h_nm_np1_fr_med_32,0.7949264952956988
YouTube_smiles!_smile_h_nm_np1_fr_med_36,0.9395887419871793
_Boom_Snap_Clap__challenge_clap_u_nm_np1_fr_med_1,0.9986049107142857
amazingballthrowingtricks_throw_f_nm_np1_ri_med_0,0.9844773065476189
americanthrift2_pick_u_nm_np1_ri_med_2,0.9998025965632604
best_laugh_attack_ever!_laugh_h_nm_np1_fr_goo_1,0.9873006236730362
blondeandbubbles_chew_h_nm_np1_fr_goo_0,1.0
blondeandbubbles_chew_h_nm_np1_fr_goo_1,1.0
boom-snap-clap_clap_u_nm_np1_fr_med_0,0.9998513595779223
boom-snap-clap_clap_u_nm_np1_fr_med_2,1.0
boom-snap-clap_clap_u_nm_np1_fr_med_3,0.9999888392857142
boom_snap_clap_(challenge)_HARDCORE_VERSION!_clap_u_nm_np1_fr_bad_0,0.9960151176948052
boom_snap_clap_(challenge)_HARDCORE_VERSION!_clap_u_nm_np1_fr_bad_1,0.9992770900974022
boom_snap_clap_(challenge)_clap_u_nm_np1_fr_med_0,0.9339963812229438
brush_my_hair_without_wearing_the_glasses_brush_hair_u_nm_np1_fr_goo_1,0.9843762928486997
brushing_hair_brush_hair_f_nm_np2_ba_goo_2,0.999776057841615
brushing_hair_brush_hair_f_nm_np2_ba_goo_4,0.9946065060028249
brushing_hair_brush_hair_f_nm_np2_ri_goo_3,0.9996337562919463
chewing_gum_1_chew_h_nm_np1_fr_goo_0,0.9993264678030302
chewing_gum_1_chew_h_nm_np1_fr_goo_1,0.9999980419799499
chewing_gum_1_chew_h_nm_np1_fr_goo_2,0.9999998887108262
girl_smoking_a_cigarette_smoke_h_nm_np1_fr_med_0,1.0
girl_smoking_a_cigarette_smoke_h_nm_np1_fr_med_1,1.0
girl_smoking_a_cigarette_smoke_h_nm_np1_fr_med_2,1.0
golf_golf_f_nm_np1_ri_goo_0,1.0
golf_golf_f_nm_np1_ri_goo_1,1.0
golf_golf_f_nm_np1_ri_goo_2,0.9974038708847737
handstand_tutorial___how_to_do_a_handstand_basic_breakdance_handstand_f_nm_np1_ri_med_0,0.8703503787878789
handstand_tutorial___how_to_do_a_handstand_basic_breakdance_handstand_f_nm_np1_ri_med_1,0.9987691279498525
handstand_tutorial___how_to_do_a_handstand_basic_breakdance_handstand_f_nm_np1_ri_med_2,0.9501305465367963
hittingofftee2_swing_baseball_f_nm_np1_fr_med_0,0.9999347718253968
hittingofftee2_swing_baseball_f_nm_np1_fr_med_10,0.9999998923898071
hittingofftee2_swing_baseball_f_nm_np1_fr_med_11,0.9999998887108262
hittingofftee2_swing_baseball_f_nm_np1_fr_med_2,0.9999999126118568
hittingofftee2_swing_baseball_f_nm_np1_fr_med_3,1.0
hittingofftee2_swing_baseball_f_nm_np1_fr_med_4,1.0
hittingofftee2_swing_baseball_f_nm_np1_fr_med_5,0.9999482570806099
hittingofftee2_swing_baseball_f_nm_np1_fr_med_6,1.0
hittingofftee2_swing_baseball_f_nm_np1_fr_med_7,0.9999930334394903
kettlebell_training_for_pack_ABS_-_workout_situp_f_nm_np1_le_goo_0,0.9991878125000002
kettlebell_training_for_pack_ABS_-_workout_situp_f_nm_np1_le_goo_1,0.9987772658475781
laugh__about_skype_laughter_chain_laugh_u_nm_np2_fr_med_1,1.0
likebeckam_stand_f_nm_np1_fr_med_7,0.999583199097938
likebeckam_walk_f_nm_np1_ba_med_32,0.999467757936508
likebeckam_walk_f_nm_np1_fr_med_36,0.9999962258454107
lol_im_so_weird___BLOWIN_BUBBLE_GUM__oops_i_burped_at_the_end_my_bad_lol_chew_h_nm_np1_fr_med_2,1.0
long_hair_Christa__brush_hair_u_nm_np1_le_goo_0,1.0
nice_smoking_girl_smoke_h_nm_np1_le_med_0,0.9920572065631809
pseudo_planche_pushups_pushup_u_nm_np1_ri_bad_0,0.9835982510288067
pseudo_planche_pushups_pushup_u_nm_np1_ri_bad_2,0.9849284699675325
pull_ups_pullup_u_nm_np1_ba_med_0,1.0
pull_ups_pullup_u_nm_np1_ba_med_2,1.0
pull_ups_pullup_u_nm_np1_fr_med_3,1.0
pull_ups_pullup_u_nm_np1_fr_med_4,0.999999492694805
pull_ups_pullup_u_nm_np1_fr_med_5,0.9999954342532468
push_ups_pushup_f_nm_np1_ri_goo_0,0.999330018939394
push_ups_pushup_f_nm_np1_ri_goo_1,0.9964463271103898
push_ups_pushup_f_nm_np1_ri_goo_2,0.9975727137445889
show_your_smile_-)_smile_h_nm_np1_fr_med_0,1.0
showyoursmile_smile_h_nm_np1_fr_goo_0,0.9999996617965368
smile_collection_7_smile_h_nm_np1_fr_goo_1,0.9893591121941896
smoking_smoking_-_tricks!_smoke_h_nm_np1_fr_goo_0,1.0
that70_sshowslowclap_clap_u_nm_np1_fr_med_0,0.9984897524350653
wave_and_say_hi_wave_u_nm_np1_fr_med_0,0.9427917786738351
youtube_smile_response_smile_h_nm_np1_fr_goo_0,0.8132148529846337
zigarette_rauchen_smoke_h_nm_np1_fr_med_2,0.999392630693582
